timestamp,acel_x,acel_y,acel_z,gyro_x,gyro_y,gyro_z
2025-12-17 14:28:58.269,-0.13,0.14,9.07,-0.01,-0.08,0.13
2025-12-17 14:28:58.292,-0.11,0.23,9.05,-0.0,-0.08,0.13
2025-12-17 14:28:58.315,-0.18,0.13,9.02,-0.0,-0.08,0.12
2025-12-17 14:28:58.337,-0.13,0.18,9.12,-0.01,-0.08,0.12
2025-12-17 14:28:58.360,-0.2,0.25,8.91,-0.01,-0.08,0.12
2025-12-17 14:28:58.383,-0.27,0.28,9.08,-0.01,-0.08,0.12
2025-12-17 14:28:58.406,-0.34,0.3,9.02,-0.01,-0.08,0.13
2025-12-17 14:28:58.429,-0.38,0.18,9.0,-0.01,-0.08,0.13
2025-12-17 14:28:58.452,-0.26,0.13,9.06,-0.01,-0.08,0.13
2025-12-17 14:28:58.475,-0.23,0.1,8.98,-0.01,-0.08,0.13
2025-12-17 14:28:58.498,-0.27,0.13,9.06,-0.01,-0.08,0.13
2025-12-17 14:28:58.521,-0.12,0.19,9.09,-0.01,-0.08,0.13
2025-12-17 14:28:58.544,-0.12,0.14,9.08,-0.0,-0.08,0.13
2025-12-17 14:28:58.567,-0.19,0.11,9.06,-0.0,-0.08,0.13
2025-12-17 14:28:58.590,-0.24,0.27,9.03,-0.0,-0.08,0.13
2025-12-17 14:28:58.614,-0.1,0.22,9.01,-0.0,-0.08,0.13
2025-12-17 14:28:58.636,-0.14,0.27,9.05,-0.01,-0.08,0.12
2025-12-17 14:28:58.659,-0.18,0.22,9.08,-0.01,-0.08,0.12
2025-12-17 14:28:58.682,-0.19,0.23,8.98,-0.01,-0.08,0.12
2025-12-17 14:28:58.705,-0.27,0.21,9.07,-0.01,-0.08,0.12
2025-12-17 14:28:58.728,-0.27,0.14,9.02,-0.01,-0.08,0.13
2025-12-17 14:28:58.752,-0.32,0.09,9.03,-0.01,-0.08,0.13
2025-12-17 14:28:58.774,-0.38,0.2,9.05,-0.01,-0.08,0.13
2025-12-17 14:28:58.798,-0.32,0.11,8.98,-0.01,-0.08,0.12
2025-12-17 14:28:58.821,-0.26,0.18,9.07,-0.0,-0.08,0.13
2025-12-17 14:28:58.844,-0.16,0.12,9.05,-0.0,-0.08,0.13
2025-12-17 14:28:58.867,-0.21,0.2,9.08,-0.0,-0.08,0.13
2025-12-17 14:28:58.890,-0.14,0.21,9.09,-0.01,-0.08,0.13
2025-12-17 14:28:58.913,-0.07,0.23,9.05,-0.01,-0.08,0.13
2025-12-17 14:28:58.935,-0.1,0.26,9.02,-0.01,-0.08,0.13
2025-12-17 14:28:58.958,-0.16,0.25,9.04,-0.01,-0.08,0.12
2025-12-17 14:28:58.981,-0.16,0.2,9.05,-0.01,-0.08,0.13
2025-12-17 14:28:59.004,-0.2,0.21,9.02,-0.01,-0.08,0.12
2025-12-17 14:28:59.027,-0.23,0.13,9.1,-0.01,-0.08,0.13
2025-12-17 14:28:59.050,-0.26,0.18,9.05,-0.01,-0.08,0.12
2025-12-17 14:28:59.073,-0.29,0.13,9.04,-0.01,-0.08,0.13
2025-12-17 14:28:59.096,-0.22,0.09,9.15,-0.01,-0.08,0.13
2025-12-17 14:28:59.120,-0.28,0.15,9.09,-0.0,-0.08,0.12
2025-12-17 14:28:59.143,-0.28,0.21,9.1,-0.0,-0.08,0.13
2025-12-17 14:28:59.166,-0.22,0.21,9.01,-0.0,-0.08,0.13
2025-12-17 14:28:59.189,-0.17,0.2,9.05,-0.0,-0.08,0.13
2025-12-17 14:28:59.212,-0.16,0.17,9.01,-0.01,-0.08,0.13
2025-12-17 14:28:59.235,-0.21,0.24,9.03,-0.01,-0.08,0.13
2025-12-17 14:28:59.258,-0.15,0.25,9.05,-0.01,-0.08,0.13
2025-12-17 14:28:59.281,-0.11,0.15,9.01,-0.01,-0.08,0.13
2025-12-17 14:28:59.303,-0.19,0.21,9.08,-0.01,-0.08,0.13
2025-12-17 14:28:59.326,-0.28,0.11,9.11,-0.01,-0.09,0.13
2025-12-17 14:28:59.349,-0.24,0.2,9.15,-0.02,-0.08,0.13
2025-12-17 14:28:59.372,-0.23,0.16,9.03,-0.01,-0.09,0.13
2025-12-17 14:28:59.395,-0.23,0.16,9.06,-0.01,-0.08,0.13
2025-12-17 14:28:59.418,-0.18,0.12,9.14,-0.01,-0.08,0.12
2025-12-17 14:28:59.441,-0.26,0.15,9.09,-0.01,-0.08,0.13
2025-12-17 14:28:59.464,-0.23,0.15,9.05,-0.01,-0.08,0.13
2025-12-17 14:28:59.487,-0.17,0.2,8.93,-0.01,-0.08,0.13
2025-12-17 14:28:59.510,-0.16,0.12,9.04,-0.01,-0.08,0.13
2025-12-17 14:28:59.534,-0.21,0.22,8.97,-0.01,-0.08,0.13
2025-12-17 14:28:59.557,-0.14,0.22,8.98,-0.01,-0.08,0.13
2025-12-17 14:28:59.580,-0.15,0.09,9.0,-0.01,-0.08,0.13
2025-12-17 14:28:59.603,-0.22,0.22,9.08,-0.01,-0.08,0.13
2025-12-17 14:28:59.626,-0.23,0.16,9.02,-0.01,-0.08,0.13
2025-12-17 14:28:59.648,-0.23,0.12,9.08,-0.01,-0.08,0.13
2025-12-17 14:28:59.671,-0.28,0.2,9.09,-0.01,-0.08,0.13
2025-12-17 14:28:59.694,-0.23,0.12,9.12,-0.01,-0.08,0.13
2025-12-17 14:28:59.717,-0.24,0.15,9.03,-0.01,-0.08,0.12
2025-12-17 14:28:59.740,-0.2,0.23,9.02,-0.01,-0.08,0.13
2025-12-17 14:28:59.763,-0.16,0.15,9.03,-0.01,-0.08,0.13
2025-12-17 14:28:59.786,-0.22,0.13,9.06,-0.01,-0.08,0.13
2025-12-17 14:28:59.809,-0.24,0.22,9.06,-0.01,-0.08,0.13
2025-12-17 14:28:59.832,-0.17,0.1,9.05,-0.01,-0.08,0.13
2025-12-17 14:28:59.855,-0.12,0.16,9.03,-0.01,-0.08,0.13
2025-12-17 14:28:59.879,-0.25,0.15,9.07,-0.0,-0.08,0.13
2025-12-17 14:28:59.902,-0.27,0.19,8.99,-0.01,-0.08,0.13
2025-12-17 14:28:59.925,-0.22,0.21,8.88,-0.01,-0.08,0.13
2025-12-17 14:28:59.948,-0.25,0.26,9.09,-0.01,-0.09,0.12
2025-12-17 14:28:59.971,-0.27,0.08,9.11,-0.01,-0.08,0.12
2025-12-17 14:28:59.994,-0.2,0.11,8.96,-0.01,-0.08,0.13
2025-12-17 14:29:00.016,-0.21,0.28,9.07,-0.01,-0.08,0.13
2025-12-17 14:29:00.039,-0.22,0.17,9.04,-0.01,-0.08,0.13
2025-12-17 14:29:00.062,-0.25,0.19,9.03,-0.01,-0.08,0.13
2025-12-17 14:29:00.085,-0.2,0.19,9.15,-0.01,-0.08,0.13
2025-12-17 14:29:00.108,-0.16,0.13,9.02,-0.01,-0.08,0.13
2025-12-17 14:29:00.131,-0.15,0.21,9.0,-0.01,-0.08,0.12
2025-12-17 14:29:00.155,-0.28,0.23,9.05,-0.01,-0.08,0.13
2025-12-17 14:29:00.178,-0.23,0.15,9.11,-0.01,-0.08,0.13
2025-12-17 14:29:00.201,-0.17,0.18,9.01,-0.01,-0.08,0.12
2025-12-17 14:29:00.224,-0.16,0.25,9.1,-0.01,-0.08,0.13
2025-12-17 14:29:00.246,-0.24,0.21,9.06,-0.01,-0.08,0.13
2025-12-17 14:29:00.269,-0.28,0.16,9.11,-0.01,-0.08,0.13
2025-12-17 14:29:00.292,-0.25,0.22,9.06,-0.01,-0.08,0.13
2025-12-17 14:29:00.316,-0.15,0.11,9.01,-0.01,-0.08,0.13
2025-12-17 14:29:00.338,-0.26,0.15,9.09,-0.01,-0.08,0.12
2025-12-17 14:29:00.361,-0.29,0.21,9.0,-0.01,-0.08,0.12
2025-12-17 14:29:00.385,-0.25,0.17,9.15,-0.01,-0.08,0.13
2025-12-17 14:29:00.408,-0.15,0.19,9.02,-0.01,-0.08,0.12
2025-12-17 14:29:00.431,-0.19,0.23,9.02,-0.01,-0.08,0.13
2025-12-17 14:29:00.454,-0.18,0.16,9.11,-0.01,-0.08,0.13
2025-12-17 14:29:00.476,-0.15,0.06,9.0,-0.01,-0.08,0.12
2025-12-17 14:29:00.500,-0.23,0.2,9.05,-0.01,-0.08,0.13
2025-12-17 14:29:00.523,-0.16,0.17,9.01,-0.01,-0.08,0.13
2025-12-17 14:29:00.545,-0.22,0.18,8.97,-0.01,-0.08,0.13
2025-12-17 14:29:00.568,-0.27,0.19,9.1,-0.01,-0.08,0.13
2025-12-17 14:29:00.592,-0.17,0.23,9.01,-0.0,-0.08,0.12
2025-12-17 14:29:00.614,-0.26,0.11,8.96,-0.0,-0.08,0.13
2025-12-17 14:29:00.638,-0.26,0.11,9.0,-0.01,-0.08,0.13
2025-12-17 14:29:00.661,-0.24,0.19,9.06,-0.0,-0.08,0.13
2025-12-17 14:29:00.684,-0.21,0.23,9.06,-0.01,-0.08,0.13
2025-12-17 14:29:00.707,-0.33,0.21,9.13,-0.01,-0.08,0.13
2025-12-17 14:29:00.730,-0.22,0.16,9.1,-0.01,-0.08,0.13
2025-12-17 14:29:00.753,-0.19,0.17,9.0,-0.01,-0.09,0.13
2025-12-17 14:29:00.776,-0.16,0.21,9.03,-0.01,-0.08,0.12
2025-12-17 14:29:00.798,-0.15,0.18,8.94,-0.01,-0.08,0.13
2025-12-17 14:29:00.821,-0.27,0.18,9.08,-0.01,-0.08,0.13
2025-12-17 14:29:00.844,-0.27,0.18,9.07,-0.01,-0.08,0.13
2025-12-17 14:29:00.867,-0.23,0.08,9.09,-0.01,-0.08,0.13
2025-12-17 14:29:00.890,-0.21,0.1,9.18,-0.01,-0.08,0.13
2025-12-17 14:29:00.913,-0.28,0.11,9.08,-0.0,-0.08,0.13
2025-12-17 14:29:00.937,-0.23,0.19,9.08,-0.0,-0.08,0.13
2025-12-17 14:29:00.959,-0.25,0.22,8.92,-0.01,-0.08,0.13
2025-12-17 14:29:00.982,-0.18,0.27,9.05,-0.0,-0.08,0.13
2025-12-17 14:29:01.006,-0.23,0.19,9.0,-0.01,-0.08,0.13
2025-12-17 14:29:01.028,-0.15,0.13,9.08,-0.01,-0.08,0.13
2025-12-17 14:29:01.052,-0.21,0.2,9.01,-0.01,-0.08,0.12
2025-12-17 14:29:01.075,-0.19,0.21,9.08,-0.01,-0.08,0.13
2025-12-17 14:29:01.098,-0.25,0.19,9.0,-0.01,-0.08,0.12
2025-12-17 14:29:01.121,-0.21,0.21,9.02,-0.01,-0.08,0.13
2025-12-17 14:29:01.143,-0.16,0.09,8.95,-0.01,-0.08,0.13
2025-12-17 14:29:01.166,-0.25,0.16,9.03,-0.01,-0.08,0.13
2025-12-17 14:29:01.190,-0.28,0.14,9.03,-0.0,-0.08,0.13
2025-12-17 14:29:01.213,-0.23,0.17,9.02,-0.0,-0.08,0.13
2025-12-17 14:29:01.236,-0.24,0.23,9.02,-0.01,-0.08,0.12
2025-12-17 14:29:01.259,-0.24,0.15,9.09,-0.01,-0.08,0.13
2025-12-17 14:29:01.281,-0.22,0.2,9.04,-0.01,-0.08,0.13
2025-12-17 14:29:01.304,-0.23,0.21,8.93,-0.01,-0.08,0.12
2025-12-17 14:29:01.327,-0.22,0.22,9.01,-0.01,-0.08,0.12
2025-12-17 14:29:01.351,-0.17,0.16,9.0,-0.01,-0.08,0.13
2025-12-17 14:29:01.373,-0.17,0.23,9.05,-0.01,-0.08,0.13
2025-12-17 14:29:01.397,-0.21,0.17,9.08,-0.01,-0.08,0.13
2025-12-17 14:29:01.420,-0.23,0.15,9.07,-0.01,-0.08,0.12
2025-12-17 14:29:01.442,-0.22,0.21,9.11,-0.01,-0.08,0.13
2025-12-17 14:29:01.466,-0.16,0.19,8.93,-0.01,-0.08,0.13
2025-12-17 14:29:01.488,-0.24,0.13,9.06,-0.0,-0.08,0.13
2025-12-17 14:29:01.511,-0.17,0.23,8.95,-0.0,-0.08,0.13
2025-12-17 14:29:01.534,-0.23,0.27,8.97,-0.01,-0.08,0.13
2025-12-17 14:29:01.558,-0.23,0.21,9.12,-0.01,-0.08,0.13
2025-12-17 14:29:01.581,-0.2,0.17,8.96,-0.01,-0.08,0.13
2025-12-17 14:29:01.604,-0.19,0.19,9.03,-0.01,-0.08,0.13
2025-12-17 14:29:01.626,-0.21,0.23,8.99,-0.01,-0.08,0.13
2025-12-17 14:29:01.650,-0.19,0.1,9.07,-0.01,-0.08,0.13
2025-12-17 14:29:01.673,-0.19,0.2,9.02,-0.01,-0.08,0.13
2025-12-17 14:29:01.696,-0.18,0.09,9.04,-0.01,-0.08,0.13
2025-12-17 14:29:01.719,-0.18,0.06,8.98,-0.01,-0.08,0.13
2025-12-17 14:29:01.741,-0.29,0.14,9.03,-0.01,-0.08,0.13
2025-12-17 14:29:01.764,-0.21,0.24,9.05,-0.0,-0.08,0.13
2025-12-17 14:29:01.788,-0.24,0.18,9.04,-0.0,-0.08,0.13
2025-12-17 14:29:01.811,-0.25,0.17,9.09,-0.01,-0.08,0.13
2025-12-17 14:29:01.834,-0.27,0.17,9.05,-0.01,-0.08,0.13
2025-12-17 14:29:01.857,-0.27,0.23,9.1,-0.01,-0.08,0.13
2025-12-17 14:29:01.880,-0.21,0.21,9.03,-0.01,-0.08,0.13
2025-12-17 14:29:01.902,-0.23,0.16,9.04,-0.01,-0.08,0.13
2025-12-17 14:29:01.926,-0.22,0.21,9.11,-0.02,-0.08,0.13
2025-12-17 14:29:01.949,-0.18,0.15,9.03,-0.01,-0.08,0.13
2025-12-17 14:29:01.972,-0.22,0.15,9.01,-0.01,-0.08,0.13
2025-12-17 14:29:01.995,-0.16,0.07,9.09,-0.0,-0.08,0.12
2025-12-17 14:29:02.018,-0.19,0.11,9.04,-0.01,-0.08,0.13
2025-12-17 14:29:02.041,-0.25,0.19,8.93,-0.0,-0.08,0.13
2025-12-17 14:29:02.064,-0.25,0.2,9.02,-0.01,-0.08,0.13
2025-12-17 14:29:02.087,-0.28,0.22,9.0,-0.01,-0.08,0.13
2025-12-17 14:29:02.109,-0.25,0.18,9.05,-0.01,-0.08,0.13
2025-12-17 14:29:02.132,-0.19,0.14,9.04,-0.01,-0.08,0.13
2025-12-17 14:29:02.155,-0.2,0.21,9.09,-0.01,-0.08,0.12
2025-12-17 14:29:02.178,-0.22,0.18,9.02,-0.01,-0.08,0.12
2025-12-17 14:29:02.201,-0.21,0.2,8.98,-0.01,-0.08,0.13
2025-12-17 14:29:02.224,-0.2,0.21,9.0,-0.01,-0.08,0.12
2025-12-17 14:29:02.247,-0.18,0.14,9.12,-0.0,-0.08,0.13
2025-12-17 14:29:02.270,-0.21,0.19,9.04,-0.0,-0.08,0.13
2025-12-17 14:29:02.293,-0.2,0.16,9.06,-0.01,-0.08,0.12
2025-12-17 14:29:02.316,-0.22,0.33,9.0,-0.01,-0.09,0.13
2025-12-17 14:29:02.340,-0.31,0.24,9.11,-0.01,-0.09,0.12
2025-12-17 14:29:02.363,-0.25,0.23,8.98,-0.01,-0.08,0.13
2025-12-17 14:29:02.386,-0.25,0.27,9.1,-0.01,-0.08,0.13
2025-12-17 14:29:02.409,-0.22,0.14,8.94,-0.01,-0.08,0.13
2025-12-17 14:29:02.432,-0.2,0.23,9.03,-0.01,-0.08,0.13
2025-12-17 14:29:02.455,-0.28,0.17,9.05,-0.01,-0.08,0.13
2025-12-17 14:29:02.477,-0.29,0.16,8.99,-0.01,-0.08,0.13
2025-12-17 14:29:02.500,-0.26,0.17,9.07,-0.01,-0.08,0.13
2025-12-17 14:29:02.523,-0.24,0.17,9.03,-0.01,-0.08,0.13
2025-12-17 14:29:02.546,-0.15,0.17,9.05,-0.01,-0.08,0.13
2025-12-17 14:29:02.569,-0.13,0.16,9.04,-0.01,-0.08,0.13
2025-12-17 14:29:02.592,-0.16,0.18,9.09,-0.01,-0.08,0.13
2025-12-17 14:29:02.615,-0.24,0.19,8.91,-0.01,-0.08,0.13
2025-12-17 14:29:02.638,-0.28,0.19,9.15,-0.01,-0.08,0.12
2025-12-17 14:29:02.662,-0.27,0.19,8.88,-0.0,-0.08,0.13
2025-12-17 14:29:02.685,-0.19,0.28,9.02,-0.01,-0.08,0.13
2025-12-17 14:29:02.708,-0.23,0.18,9.04,-0.0,-0.08,0.12
2025-12-17 14:29:02.730,-0.27,0.12,9.05,-0.01,-0.08,0.12
2025-12-17 14:29:02.754,-0.28,0.17,9.08,-0.01,-0.08,0.13
2025-12-17 14:29:02.777,-0.21,0.17,9.09,-0.01,-0.08,0.13
2025-12-17 14:29:02.800,-0.18,0.1,8.94,-0.01,-0.08,0.13
2025-12-17 14:29:02.823,-0.25,0.22,9.09,-0.01,-0.08,0.13
2025-12-17 14:29:02.846,-0.18,0.18,9.02,-0.01,-0.08,0.13
2025-12-17 14:29:02.868,-0.16,0.17,9.06,-0.01,-0.08,0.13
2025-12-17 14:29:02.892,-0.08,0.25,8.99,-0.01,-0.08,0.12
2025-12-17 14:29:02.915,-0.11,0.27,8.97,-0.01,-0.08,0.12
2025-12-17 14:29:02.938,-0.15,0.18,8.99,-0.01,-0.08,0.12
2025-12-17 14:29:02.961,-0.19,0.16,9.06,-0.01,-0.08,0.12
2025-12-17 14:29:02.983,-0.27,0.22,9.08,-0.01,-0.08,0.12
2025-12-17 14:29:03.007,-0.29,0.15,9.08,-0.01,-0.08,0.13
2025-12-17 14:29:03.030,-0.35,0.12,9.11,-0.01,-0.08,0.13
2025-12-17 14:29:03.052,-0.3,0.11,8.98,-0.01,-0.08,0.13
2025-12-17 14:29:03.075,-0.24,0.13,9.01,-0.01,-0.08,0.13
2025-12-17 14:29:03.098,-0.24,0.2,9.06,-0.01,-0.08,0.12
2025-12-17 14:29:03.121,-0.23,0.2,9.05,-0.01,-0.08,0.13
2025-12-17 14:29:03.146,-0.23,0.21,9.06,-0.01,-0.08,0.13
2025-12-17 14:29:03.167,-0.18,0.16,9.02,-0.01,-0.08,0.13
2025-12-17 14:29:03.191,-0.14,0.16,9.01,-0.01,-0.08,0.13
2025-12-17 14:29:03.214,-0.12,0.13,9.08,-0.01,-0.08,0.13
2025-12-17 14:29:03.237,-0.12,0.23,8.94,-0.01,-0.08,0.12
2025-12-17 14:29:03.260,-0.14,0.28,9.05,-0.01,-0.08,0.13
2025-12-17 14:29:03.283,-0.17,0.08,9.1,-0.01,-0.08,0.13
2025-12-17 14:29:03.306,-0.17,0.14,9.04,-0.01,-0.08,0.13
2025-12-17 14:29:03.329,-0.19,0.16,8.99,-0.01,-0.08,0.13
2025-12-17 14:29:03.352,-0.22,0.15,8.99,-0.01,-0.08,0.13
2025-12-17 14:29:03.374,-0.33,0.18,8.99,-0.0,-0.08,0.13
2025-12-17 14:29:03.398,-0.29,0.23,9.08,-0.01,-0.08,0.13
2025-12-17 14:29:03.421,-0.3,0.07,9.0,-0.01,-0.08,0.13
2025-12-17 14:29:03.444,-0.17,0.17,9.01,-0.0,-0.08,0.13
2025-12-17 14:29:03.467,-0.26,0.29,9.08,-0.01,-0.08,0.13
2025-12-17 14:29:03.490,-0.17,0.18,9.11,-0.01,-0.08,0.13
2025-12-17 14:29:03.512,-0.15,0.19,9.09,-0.01,-0.08,0.13
2025-12-17 14:29:03.536,-0.11,0.25,8.97,-0.01,-0.08,0.12
2025-12-17 14:29:03.559,-0.13,0.17,9.02,-0.01,-0.08,0.13
2025-12-17 14:29:03.582,-0.22,0.1,9.03,-0.01,-0.08,0.13
2025-12-17 14:29:03.605,-0.16,0.12,9.15,-0.01,-0.08,0.13
2025-12-17 14:29:03.628,-0.25,0.13,9.04,-0.01,-0.08,0.12
2025-12-17 14:29:03.650,-0.28,0.09,8.97,-0.01,-0.08,0.13
2025-12-17 14:29:03.673,-0.34,0.23,8.99,-0.0,-0.08,0.13
2025-12-17 14:29:03.697,-0.32,0.12,9.0,-0.01,-0.08,0.13
2025-12-17 14:29:03.720,-0.28,0.17,9.12,-0.01,-0.08,0.13
2025-12-17 14:29:03.743,-0.22,0.17,9.0,-0.01,-0.08,0.13
2025-12-17 14:29:03.766,-0.18,0.25,9.12,-0.01,-0.08,0.13
2025-12-17 14:29:03.788,-0.18,0.26,8.99,-0.01,-0.08,0.12
2025-12-17 14:29:03.812,-0.17,0.22,9.05,-0.01,-0.08,0.13
2025-12-17 14:29:03.835,-0.18,0.18,8.89,-0.01,-0.08,0.13
2025-12-17 14:29:03.857,-0.12,0.25,9.09,-0.01,-0.08,0.13
2025-12-17 14:29:03.881,-0.17,0.12,9.08,-0.01,-0.08,0.13
2025-12-17 14:29:03.904,-0.15,0.12,8.98,-0.01,-0.08,0.12
2025-12-17 14:29:03.927,-0.24,0.14,9.05,-0.01,-0.08,0.12
2025-12-17 14:29:03.950,-0.23,0.19,9.04,-0.01,-0.08,0.13
2025-12-17 14:29:03.973,-0.22,0.17,9.07,-0.0,-0.08,0.13
2025-12-17 14:29:03.996,-0.3,0.2,8.99,-0.0,-0.08,0.13
2025-12-17 14:29:04.018,-0.31,0.24,9.0,-0.01,-0.08,0.12
2025-12-17 14:29:04.042,-0.26,0.16,8.96,-0.01,-0.08,0.13
2025-12-17 14:29:04.065,-0.22,0.13,9.01,-0.01,-0.08,0.13
2025-12-17 14:29:04.087,-0.28,0.21,9.07,-0.01,-0.08,0.13
2025-12-17 14:29:04.111,-0.2,0.22,9.04,-0.01,-0.08,0.13
2025-12-17 14:29:04.134,-0.11,0.12,8.99,-0.01,-0.08,0.13
2025-12-17 14:29:04.156,-0.11,0.19,9.08,-0.01,-0.08,0.13
2025-12-17 14:29:04.179,-0.2,0.2,9.01,-0.01,-0.08,0.13
2025-12-17 14:29:04.202,-0.23,0.21,9.07,-0.01,-0.08,0.13
2025-12-17 14:29:04.226,-0.25,0.14,9.07,-0.01,-0.08,0.13
2025-12-17 14:29:04.249,-0.29,0.19,9.09,-0.01,-0.08,0.13
2025-12-17 14:29:04.272,-0.28,0.17,8.97,-0.01,-0.08,0.13
2025-12-17 14:29:04.295,-0.31,0.17,9.03,-0.01,-0.08,0.13
2025-12-17 14:29:04.318,-0.26,0.22,8.96,-0.01,-0.08,0.13
2025-12-17 14:29:04.340,-0.26,0.23,9.04,-0.01,-0.08,0.13
2025-12-17 14:29:04.363,-0.23,0.17,8.97,-0.01,-0.08,0.13
2025-12-17 14:29:04.386,-0.23,0.23,9.05,-0.01,-0.08,0.13
2025-12-17 14:29:04.409,-0.24,0.23,9.02,-0.01,-0.08,0.13
2025-12-17 14:29:04.432,-0.1,0.16,9.04,-0.01,-0.08,0.13
2025-12-17 14:29:04.455,-0.16,0.16,8.97,-0.0,-0.08,0.13
2025-12-17 14:29:04.478,-0.17,0.16,8.98,-0.01,-0.08,0.12
2025-12-17 14:29:04.502,-0.22,0.09,9.1,-0.01,-0.08,0.13
2025-12-17 14:29:04.525,-0.16,0.21,9.05,-0.01,-0.08,0.12
2025-12-17 14:29:04.548,-0.17,0.2,9.08,-0.01,-0.08,0.13
2025-12-17 14:29:04.571,-0.22,0.2,9.08,-0.0,-0.08,0.12
2025-12-17 14:29:04.594,-0.2,0.2,9.01,-0.01,-0.08,0.13
2025-12-17 14:29:04.617,-0.25,0.2,9.06,-0.01,-0.08,0.13
2025-12-17 14:29:04.640,-0.25,0.19,9.0,-0.01,-0.08,0.12
2025-12-17 14:29:04.663,-0.2,0.19,8.96,-0.01,-0.08,0.13
2025-12-17 14:29:04.686,-0.27,0.26,9.11,-0.01,-0.08,0.13
2025-12-17 14:29:04.708,-0.16,0.23,9.08,-0.01,-0.08,0.13
2025-12-17 14:29:04.731,-0.23,0.16,9.09,-0.01,-0.08,0.13
2025-12-17 14:29:04.754,-0.21,0.19,9.01,-0.01,-0.08,0.12
2025-12-17 14:29:04.777,-0.23,0.21,9.0,-0.01,-0.08,0.13
2025-12-17 14:29:04.800,-0.21,0.17,9.07,-0.0,-0.08,0.13
2025-12-17 14:29:04.823,-0.23,0.23,9.04,-0.01,-0.08,0.12
2025-12-17 14:29:04.846,-0.25,0.19,9.08,-0.01,-0.08,0.13
2025-12-17 14:29:04.869,-0.29,0.15,8.97,-0.01,-0.08,0.13
2025-12-17 14:29:04.893,-0.22,0.16,9.0,-0.01,-0.08,0.13
2025-12-17 14:29:04.916,-0.27,0.16,9.03,-0.01,-0.08,0.12
2025-12-17 14:29:04.939,-0.26,0.19,9.0,-0.01,-0.08,0.13
2025-12-17 14:29:04.962,-0.22,0.17,9.08,-0.01,-0.08,0.13
2025-12-17 14:29:04.985,-0.17,0.22,9.03,-0.01,-0.08,0.13
2025-12-17 14:29:05.008,-0.17,0.16,9.0,-0.01,-0.08,0.12
2025-12-17 14:29:05.031,-0.19,0.09,9.09,-0.01,-0.08,0.13
2025-12-17 14:29:05.054,-0.21,0.13,9.07,-0.01,-0.08,0.13
2025-12-17 14:29:05.076,-0.21,0.2,9.0,-0.01,-0.08,0.13
2025-12-17 14:29:05.099,-0.24,0.17,9.03,-0.01,-0.08,0.12
2025-12-17 14:29:05.122,-0.21,0.17,9.02,-0.01,-0.08,0.13
2025-12-17 14:29:05.146,-0.11,0.2,9.03,-0.0,-0.08,0.13
2025-12-17 14:29:05.169,-0.27,0.26,9.02,-0.01,-0.08,0.13
2025-12-17 14:29:05.192,-0.22,0.18,9.06,-0.01,-0.08,0.13
2025-12-17 14:29:05.215,-0.25,0.21,9.0,-0.01,-0.08,0.13
2025-12-17 14:29:05.238,-0.27,0.19,9.01,-0.01,-0.08,0.13
2025-12-17 14:29:05.261,-0.23,0.19,9.07,-0.01,-0.08,0.13
2025-12-17 14:29:05.284,-0.2,0.19,9.1,-0.01,-0.08,0.12
2025-12-17 14:29:05.307,-0.13,0.14,9.08,-0.01,-0.08,0.13
2025-12-17 14:29:05.330,-0.2,0.14,9.0,-0.01,-0.08,0.12
2025-12-17 14:29:05.352,-0.17,0.16,9.07,-0.01,-0.08,0.12
2025-12-17 14:29:05.376,-0.2,0.19,9.0,-0.0,-0.08,0.13
2025-12-17 14:29:05.398,-0.24,0.17,9.0,-0.0,-0.08,0.13
2025-12-17 14:29:05.422,-0.22,0.19,9.07,-0.01,-0.08,0.13
2025-12-17 14:29:05.445,-0.25,0.23,9.05,-0.0,-0.08,0.13
2025-12-17 14:29:05.468,-0.29,0.25,9.0,-0.01,-0.08,0.13
2025-12-17 14:29:05.491,-0.23,0.18,9.11,-0.01,-0.08,0.13
2025-12-17 14:29:05.513,-0.25,0.21,8.94,-0.01,-0.08,0.12
2025-12-17 14:29:05.537,-0.21,0.25,9.04,-0.01,-0.08,0.13
2025-12-17 14:29:05.560,-0.21,0.19,8.95,-0.01,-0.08,0.13
2025-12-17 14:29:05.582,-0.21,0.14,9.0,-0.01,-0.08,0.12
2025-12-17 14:29:05.605,-0.24,0.17,9.02,-0.01,-0.08,0.12
2025-12-17 14:29:05.628,-0.19,0.1,9.1,-0.01,-0.08,0.13
2025-12-17 14:29:05.651,-0.24,0.12,9.15,-0.0,-0.08,0.13
2025-12-17 14:29:05.674,-0.14,0.17,9.06,-0.01,-0.08,0.13
2025-12-17 14:29:05.697,-0.21,0.15,9.05,-0.01,-0.08,0.13
2025-12-17 14:29:05.721,-0.2,0.21,9.06,-0.01,-0.08,0.13
2025-12-17 14:29:05.743,-0.21,0.19,8.97,-0.0,-0.08,0.13
2025-12-17 14:29:05.767,-0.24,0.22,8.92,-0.01,-0.08,0.13
2025-12-17 14:29:05.790,-0.3,0.2,9.1,-0.01,-0.08,0.12
2025-12-17 14:29:05.813,-0.19,0.17,9.15,-0.01,-0.08,0.13
2025-12-17 14:29:05.836,-0.23,0.16,9.05,-0.01,-0.08,0.12
2025-12-17 14:29:05.859,-0.23,0.12,8.98,-0.01,-0.08,0.13
2025-12-17 14:29:05.882,-0.28,0.09,9.04,-0.01,-0.08,0.13
2025-12-17 14:29:05.905,-0.26,0.16,9.02,-0.01,-0.08,0.12
2025-12-17 14:29:05.928,-0.27,0.12,9.05,-0.01,-0.08,0.12
2025-12-17 14:29:05.951,-0.24,0.14,9.02,-0.0,-0.08,0.12
2025-12-17 14:29:05.973,-0.18,0.19,9.05,-0.0,-0.08,0.13
2025-12-17 14:29:05.997,-0.21,0.2,9.01,-0.01,-0.08,0.13
2025-12-17 14:29:06.020,-0.28,0.23,9.04,-0.01,-0.08,0.12
2025-12-17 14:29:06.043,-0.22,0.27,9.0,-0.01,-0.08,0.13
2025-12-17 14:29:06.066,-0.25,0.2,9.13,-0.01,-0.08,0.13
2025-12-17 14:29:06.089,-0.23,0.18,9.06,-0.01,-0.08,0.13
2025-12-17 14:29:06.112,-0.25,0.16,9.07,-0.01,-0.08,0.13
2025-12-17 14:29:06.135,-0.21,0.09,9.09,-0.01,-0.08,0.13
2025-12-17 14:29:06.157,-0.22,0.12,8.97,-0.01,-0.08,0.13
2025-12-17 14:29:06.181,-0.24,0.19,9.02,-0.01,-0.09,0.13
2025-12-17 14:29:06.204,-0.19,0.17,9.05,-0.0,-0.08,0.13
2025-12-17 14:29:06.227,-0.22,0.21,9.0,-0.01,-0.08,0.13
2025-12-17 14:29:06.250,-0.23,0.13,9.01,-0.0,-0.08,0.13
2025-12-17 14:29:06.273,-0.21,0.19,9.0,-0.0,-0.08,0.13
2025-12-17 14:29:06.296,-0.23,0.21,9.06,-0.01,-0.08,0.12
2025-12-17 14:29:06.318,-0.2,0.19,9.08,-0.01,-0.08,0.13
2025-12-17 14:29:06.341,-0.08,0.18,9.03,-0.01,-0.08,0.12
2025-12-17 14:29:06.365,-0.21,0.2,9.0,-0.01,-0.08,0.13
2025-12-17 14:29:06.388,-0.22,0.2,8.96,-0.01,-0.08,0.13
2025-12-17 14:29:06.411,-0.18,0.16,9.04,-0.01,-0.08,0.13
2025-12-17 14:29:06.434,-0.2,0.24,8.95,-0.01,-0.08,0.13
2025-12-17 14:29:06.457,-0.24,0.17,9.11,-0.01,-0.08,0.12
2025-12-17 14:29:06.480,-0.25,0.19,9.1,-0.01,-0.08,0.13
2025-12-17 14:29:06.503,-0.24,0.17,9.05,-0.01,-0.08,0.13
2025-12-17 14:29:06.526,-0.2,0.23,9.04,-0.01,-0.08,0.13
2025-12-17 14:29:06.549,-0.18,0.15,9.11,-0.0,-0.08,0.13
2025-12-17 14:29:06.572,-0.28,0.22,9.04,-0.0,-0.08,0.12
2025-12-17 14:29:06.595,-0.19,0.24,9.01,-0.0,-0.08,0.12
2025-12-17 14:29:06.618,-0.19,0.2,8.99,-0.01,-0.08,0.13
2025-12-17 14:29:06.640,-0.21,0.21,9.02,-0.01,-0.08,0.13
2025-12-17 14:29:06.664,-0.21,0.16,9.07,-0.01,-0.08,0.13
2025-12-17 14:29:06.687,-0.15,0.17,9.04,-0.01,-0.08,0.13
2025-12-17 14:29:06.710,-0.23,0.16,9.04,-0.01,-0.08,0.12
2025-12-17 14:29:06.733,-0.18,0.16,8.99,-0.01,-0.08,0.13
2025-12-17 14:29:06.756,-0.24,0.15,9.02,-0.01,-0.08,0.13
2025-12-17 14:29:06.779,-0.28,0.13,9.03,-0.01,-0.08,0.13
2025-12-17 14:29:06.802,-0.21,0.17,9.06,-0.01,-0.08,0.13
2025-12-17 14:29:06.824,-0.2,0.18,9.08,-0.0,-0.08,0.13
2025-12-17 14:29:06.848,-0.25,0.19,8.99,-0.0,-0.08,0.13
2025-12-17 14:29:06.871,-0.19,0.24,9.02,-0.0,-0.08,0.13
2025-12-17 14:29:06.894,-0.21,0.26,9.05,-0.01,-0.08,0.12
2025-12-17 14:29:06.917,-0.21,0.22,9.0,-0.01,-0.08,0.13
2025-12-17 14:29:06.940,-0.14,0.18,8.93,-0.01,-0.08,0.13
2025-12-17 14:29:06.963,-0.11,0.21,9.08,-0.01,-0.08,0.13
2025-12-17 14:29:06.985,-0.14,0.22,9.07,-0.01,-0.08,0.13
2025-12-17 14:29:07.009,-0.27,0.16,8.99,-0.01,-0.08,0.13
2025-12-17 14:29:07.032,-0.25,0.17,9.04,-0.01,-0.08,0.12
2025-12-17 14:29:07.055,-0.25,0.11,9.0,-0.01,-0.08,0.12
2025-12-17 14:29:07.078,-0.28,0.11,8.95,-0.01,-0.08,0.13
2025-12-17 14:29:07.101,-0.29,0.19,9.06,-0.01,-0.08,0.12
2025-12-17 14:29:07.124,-0.21,0.16,9.05,-0.01,-0.08,0.12
2025-12-17 14:29:07.147,-0.23,0.16,9.04,-0.01,-0.08,0.13
2025-12-17 14:29:07.170,-0.25,0.27,9.08,-0.01,-0.08,0.12
2025-12-17 14:29:07.192,-0.16,0.16,9.09,-0.01,-0.08,0.13
2025-12-17 14:29:07.216,-0.22,0.12,9.0,-0.01,-0.08,0.12
2025-12-17 14:29:07.239,-0.14,0.25,8.96,-0.01,-0.08,0.13
2025-12-17 14:29:07.262,-0.13,0.17,9.01,-0.01,-0.08,0.13
2025-12-17 14:29:07.284,-0.27,0.15,9.08,-0.01,-0.08,0.13
2025-12-17 14:29:07.308,-0.19,0.14,9.09,-0.01,-0.08,0.13
2025-12-17 14:29:07.331,-0.18,0.11,9.12,-0.01,-0.08,0.12
2025-12-17 14:29:07.354,-0.22,0.17,9.01,-0.01,-0.08,0.12
2025-12-17 14:29:07.377,-0.29,0.2,9.1,-0.01,-0.08,0.13
2025-12-17 14:29:07.400,-0.22,0.18,9.01,-0.01,-0.08,0.13
2025-12-17 14:29:07.423,-0.29,0.2,9.0,-0.0,-0.08,0.13
2025-12-17 14:29:07.446,-0.21,0.17,9.0,-0.01,-0.08,0.13
2025-12-17 14:29:07.469,-0.25,0.16,9.01,-0.01,-0.08,0.12
2025-12-17 14:29:07.492,-0.26,0.18,9.09,-0.01,-0.08,0.13
2025-12-17 14:29:07.514,-0.16,0.24,9.03,-0.01,-0.08,0.13
2025-12-17 14:29:07.537,-0.12,0.15,8.97,-0.01,-0.08,0.12
2025-12-17 14:29:07.560,-0.26,0.18,9.16,-0.01,-0.08,0.13
2025-12-17 14:29:07.583,-0.32,0.2,9.0,-0.01,-0.08,0.13
2025-12-17 14:29:07.607,-0.2,0.09,9.08,-0.01,-0.08,0.13
2025-12-17 14:29:07.629,-0.21,0.19,9.04,-0.01,-0.08,0.13
2025-12-17 14:29:07.653,-0.27,0.23,9.11,-0.01,-0.08,0.13
2025-12-17 14:29:07.676,-0.21,0.17,9.02,-0.0,-0.08,0.13
2025-12-17 14:29:07.699,-0.19,0.19,8.96,-0.01,-0.08,0.13
2025-12-17 14:29:07.722,-0.23,0.25,9.05,-0.01,-0.08,0.13
2025-12-17 14:29:07.745,-0.19,0.14,9.06,-0.01,-0.08,0.13
2025-12-17 14:29:07.768,-0.19,0.17,9.05,-0.01,-0.08,0.13
2025-12-17 14:29:07.790,-0.13,0.19,8.98,-0.01,-0.08,0.12
2025-12-17 14:29:07.814,-0.18,0.15,9.06,-0.01,-0.08,0.12
2025-12-17 14:29:07.836,-0.18,0.15,9.07,-0.01,-0.08,0.12
2025-12-17 14:29:07.860,-0.23,0.23,9.04,-0.01,-0.08,0.13
2025-12-17 14:29:07.883,-0.17,0.11,9.06,-0.01,-0.08,0.13
2025-12-17 14:29:07.906,-0.21,0.12,9.06,-0.01,-0.08,0.13
2025-12-17 14:29:07.929,-0.3,0.15,9.06,-0.01,-0.08,0.12
2025-12-17 14:29:07.952,-0.28,0.2,9.04,-0.0,-0.08,0.13
2025-12-17 14:29:07.975,-0.17,0.17,9.09,-0.01,-0.08,0.13
2025-12-17 14:29:07.998,-0.24,0.22,8.97,-0.01,-0.08,0.12
2025-12-17 14:29:08.021,-0.2,0.28,9.09,-0.01,-0.08,0.13
2025-12-17 14:29:08.044,-0.21,0.16,8.95,-0.01,-0.08,0.12
2025-12-17 14:29:08.067,-0.2,0.22,9.02,-0.01,-0.08,0.12
2025-12-17 14:29:08.090,-0.15,0.17,9.04,-0.01,-0.08,0.12
2025-12-17 14:29:08.113,-0.19,0.17,9.09,-0.01,-0.08,0.12
2025-12-17 14:29:08.135,-0.25,0.15,9.05,-0.01,-0.08,0.13
2025-12-17 14:29:08.158,-0.26,0.17,9.15,-0.01,-0.08,0.13
2025-12-17 14:29:08.181,-0.21,0.16,9.02,-0.0,-0.08,0.13
2025-12-17 14:29:08.204,-0.21,0.17,9.07,-0.01,-0.08,0.13
2025-12-17 14:29:08.228,-0.26,0.18,9.03,-0.0,-0.08,0.13
2025-12-17 14:29:08.250,-0.21,0.18,8.96,-0.0,-0.08,0.13
2025-12-17 14:29:08.274,-0.23,0.23,9.03,-0.01,-0.08,0.13
2025-12-17 14:29:08.297,-0.22,0.25,9.01,-0.01,-0.08,0.13
2025-12-17 14:29:08.320,-0.16,0.22,9.0,-0.01,-0.08,0.13
2025-12-17 14:29:08.343,-0.17,0.15,8.97,-0.01,-0.08,0.13
2025-12-17 14:29:08.366,-0.18,0.17,9.03,-0.01,-0.08,0.13
2025-12-17 14:29:08.389,-0.16,0.15,8.95,-0.01,-0.08,0.13
2025-12-17 14:29:08.412,-0.23,0.11,9.02,-0.01,-0.08,0.12
2025-12-17 14:29:08.435,-0.29,0.22,9.05,-0.01,-0.08,0.13
2025-12-17 14:29:08.458,-0.14,0.08,8.99,-0.01,-0.08,0.13
2025-12-17 14:29:08.481,-0.26,0.11,9.09,-0.0,-0.08,0.12
2025-12-17 14:29:08.504,-0.27,0.3,9.0,-0.0,-0.08,0.13
2025-12-17 14:29:08.527,-0.28,0.19,9.05,-0.01,-0.08,0.13
2025-12-17 14:29:08.550,-0.18,0.17,9.01,-0.01,-0.08,0.13
2025-12-17 14:29:08.573,-0.25,0.19,9.02,-0.01,-0.08,0.12
2025-12-17 14:29:08.596,-0.19,0.2,9.12,-0.01,-0.08,0.13
2025-12-17 14:29:08.619,-0.2,0.19,9.09,-0.01,-0.08,0.13
2025-12-17 14:29:08.642,-0.17,0.18,9.11,-0.01,-0.08,0.13
2025-12-17 14:29:08.665,-0.18,0.15,8.93,-0.01,-0.08,0.13
2025-12-17 14:29:08.688,-0.22,0.1,8.99,-0.01,-0.08,0.13
2025-12-17 14:29:08.711,-0.23,0.18,9.09,-0.01,-0.08,0.13
2025-12-17 14:29:08.734,-0.21,0.17,9.15,-0.01,-0.08,0.13
2025-12-17 14:29:08.757,-0.19,0.08,9.01,-0.0,-0.08,0.13
2025-12-17 14:29:08.780,-0.25,0.23,9.05,-0.0,-0.08,0.13
2025-12-17 14:29:08.803,-0.32,0.22,8.97,-0.0,-0.08,0.13
2025-12-17 14:29:08.826,-0.23,0.19,9.03,-0.01,-0.08,0.13
2025-12-17 14:29:08.849,-0.25,0.27,8.99,-0.01,-0.08,0.13
2025-12-17 14:29:08.872,-0.23,0.18,9.0,-0.01,-0.08,0.13
2025-12-17 14:29:08.895,-0.22,0.17,8.98,-0.01,-0.08,0.13
2025-12-17 14:29:08.918,-0.22,0.23,9.0,-0.01,-0.08,0.12
2025-12-17 14:29:08.941,-0.18,0.15,9.05,-0.01,-0.08,0.13
2025-12-17 14:29:08.964,-0.18,0.15,9.03,-0.01,-0.08,0.13
2025-12-17 14:29:08.987,-0.27,0.14,9.05,-0.01,-0.08,0.13
2025-12-17 14:29:09.010,-0.17,0.17,9.12,-0.01,-0.09,0.13
2025-12-17 14:29:09.033,-0.15,0.09,9.13,-0.0,-0.08,0.13
2025-12-17 14:29:09.056,-0.24,0.25,9.03,-0.0,-0.08,0.13
2025-12-17 14:29:09.079,-0.24,0.21,9.0,-0.0,-0.08,0.13
2025-12-17 14:29:09.102,-0.28,0.18,9.04,-0.0,-0.08,0.12
2025-12-17 14:29:09.125,-0.26,0.27,9.01,-0.01,-0.08,0.12
2025-12-17 14:29:09.147,-0.27,0.27,8.98,-0.01,-0.08,0.12
2025-12-17 14:29:09.171,-0.26,0.22,8.9,-0.01,-0.08,0.13
2025-12-17 14:29:09.194,-0.19,0.25,9.0,-0.01,-0.08,0.12
2025-12-17 14:29:09.217,-0.15,0.18,9.1,-0.01,-0.08,0.12
2025-12-17 14:29:09.240,-0.14,0.15,8.96,-0.01,-0.08,0.13
2025-12-17 14:29:09.262,-0.28,0.16,9.05,-0.01,-0.08,0.13
2025-12-17 14:29:09.286,-0.14,0.16,9.06,-0.01,-0.08,0.13
2025-12-17 14:29:09.309,-0.19,0.11,9.09,-0.01,-0.08,0.13
2025-12-17 14:29:09.331,-0.24,0.19,9.02,-0.01,-0.08,0.12
2025-12-17 14:29:09.355,-0.27,0.25,9.06,-0.0,-0.08,0.13
2025-12-17 14:29:09.378,-0.27,0.14,9.04,-0.01,-0.08,0.13
2025-12-17 14:29:09.401,-0.21,0.21,9.05,-0.01,-0.08,0.12
2025-12-17 14:29:09.424,-0.28,0.24,8.98,-0.01,-0.08,0.13
2025-12-17 14:29:09.447,-0.23,0.25,9.02,-0.01,-0.08,0.13
2025-12-17 14:29:09.470,-0.19,0.25,9.08,-0.01,-0.08,0.13
2025-12-17 14:29:09.492,-0.31,0.23,8.98,-0.01,-0.08,0.13
2025-12-17 14:29:09.516,-0.2,0.14,9.01,-0.01,-0.08,0.12
2025-12-17 14:29:09.539,-0.16,0.15,9.02,-0.01,-0.08,0.12
2025-12-17 14:29:09.562,-0.27,0.16,9.04,-0.01,-0.08,0.13
2025-12-17 14:29:09.584,-0.2,0.14,9.04,-0.01,-0.08,0.12
2025-12-17 14:29:09.608,-0.13,0.17,9.04,-0.0,-0.08,0.13
2025-12-17 14:29:09.631,-0.16,0.16,8.97,-0.01,-0.08,0.13
2025-12-17 14:29:09.654,-0.23,0.21,9.04,-0.01,-0.08,0.13
2025-12-17 14:29:09.677,-0.24,0.21,9.02,-0.01,-0.08,0.13
2025-12-17 14:29:09.700,-0.26,0.22,9.0,-0.01,-0.08,0.13
2025-12-17 14:29:09.723,-0.25,0.23,8.98,-0.01,-0.08,0.12
2025-12-17 14:29:09.746,-0.23,0.24,8.98,-0.01,-0.09,0.13
2025-12-17 14:29:09.769,-0.27,0.16,8.92,-0.01,-0.08,0.13
2025-12-17 14:29:09.792,-0.2,0.19,9.17,-0.01,-0.08,0.13
2025-12-17 14:29:09.815,-0.2,0.19,9.02,-0.01,-0.08,0.12
2025-12-17 14:29:09.838,-0.18,0.2,9.04,-0.01,-0.08,0.13
2025-12-17 14:29:09.861,-0.21,0.14,9.04,-0.01,-0.08,0.13
2025-12-17 14:29:09.884,-0.23,0.21,9.06,-0.0,-0.08,0.13
2025-12-17 14:29:09.906,-0.23,0.22,9.05,-0.0,-0.08,0.13
2025-12-17 14:29:09.930,-0.18,0.1,9.11,-0.0,-0.08,0.13
2025-12-17 14:29:09.953,-0.25,0.22,9.08,-0.0,-0.08,0.12
2025-12-17 14:29:09.976,-0.25,0.18,9.04,-0.01,-0.08,0.13
2025-12-17 14:29:09.999,-0.28,0.2,8.97,-0.01,-0.08,0.13
2025-12-17 14:29:10.022,-0.28,0.11,9.02,-0.01,-0.08,0.13
2025-12-17 14:29:10.045,-0.24,0.24,9.05,-0.01,-0.08,0.13
2025-12-17 14:29:10.068,-0.2,0.2,9.08,-0.01,-0.08,0.13
2025-12-17 14:29:10.091,-0.24,0.15,9.09,-0.01,-0.08,0.13
2025-12-17 14:29:10.114,-0.18,0.16,9.0,-0.01,-0.08,0.12
2025-12-17 14:29:10.136,-0.26,0.15,9.07,-0.01,-0.08,0.13
2025-12-17 14:29:10.160,-0.17,0.12,9.0,-0.01,-0.08,0.13
2025-12-17 14:29:10.183,-0.18,0.14,9.09,-0.01,-0.08,0.13
2025-12-17 14:29:10.206,-0.22,0.11,9.07,-0.01,-0.08,0.12
2025-12-17 14:29:10.229,-0.27,0.22,9.11,-0.01,-0.08,0.13
2025-12-17 14:29:10.252,-0.19,0.17,9.02,-0.01,-0.08,0.13
2025-12-17 14:29:10.274,-0.23,0.22,9.0,-0.01,-0.08,0.13
2025-12-17 14:29:10.297,-0.31,0.26,8.97,-0.01,-0.08,0.13
2025-12-17 14:29:10.321,-0.24,0.22,8.99,-0.01,-0.08,0.13
2025-12-17 14:29:10.344,-0.23,0.17,9.04,-0.01,-0.08,0.13
2025-12-17 14:29:10.367,-0.23,0.2,8.97,-0.01,-0.08,0.12
2025-12-17 14:29:10.390,-0.23,0.18,9.04,-0.01,-0.08,0.12
2025-12-17 14:29:10.413,-0.2,0.18,9.02,-0.01,-0.08,0.13
2025-12-17 14:29:10.436,-0.17,0.16,9.12,-0.01,-0.08,0.13
2025-12-17 14:29:10.459,-0.2,0.17,9.09,-0.01,-0.08,0.13
2025-12-17 14:29:10.482,-0.19,0.12,9.05,-0.01,-0.08,0.13
2025-12-17 14:29:10.505,-0.14,0.19,9.01,-0.01,-0.08,0.12
2025-12-17 14:29:10.528,-0.21,0.17,9.04,-0.01,-0.08,0.13
2025-12-17 14:29:10.551,-0.22,0.18,9.03,-0.0,-0.08,0.13
2025-12-17 14:29:10.574,-0.18,0.12,8.99,-0.01,-0.08,0.13
2025-12-17 14:29:10.597,-0.25,0.19,9.02,-0.01,-0.08,0.13
2025-12-17 14:29:10.620,-0.19,0.23,9.0,-0.01,-0.08,0.13
2025-12-17 14:29:10.643,-0.27,0.24,9.05,-0.01,-0.08,0.13
2025-12-17 14:29:10.665,-0.24,0.24,9.04,-0.01,-0.08,0.13
2025-12-17 14:29:10.688,-0.21,0.16,9.06,-0.01,-0.08,0.13
2025-12-17 14:29:10.711,-0.19,0.14,9.06,-0.01,-0.08,0.13
2025-12-17 14:29:10.734,-0.27,0.17,9.02,-0.01,-0.08,0.13
2025-12-17 14:29:10.758,-0.23,0.16,9.05,-0.01,-0.08,0.13
2025-12-17 14:29:10.781,-0.21,0.16,9.04,-0.01,-0.08,0.13
2025-12-17 14:29:10.804,-0.19,0.11,8.99,-0.01,-0.08,0.13
2025-12-17 14:29:10.827,-0.21,0.18,9.06,-0.01,-0.08,0.13
2025-12-17 14:29:10.850,-0.25,0.15,9.0,-0.0,-0.08,0.12
2025-12-17 14:29:10.872,-0.24,0.21,9.15,-0.01,-0.08,0.13
2025-12-17 14:29:10.895,-0.26,0.14,9.11,-0.0,-0.08,0.13
2025-12-17 14:29:10.918,-0.22,0.19,9.03,-0.0,-0.08,0.13
2025-12-17 14:29:10.942,-0.25,0.31,9.04,-0.01,-0.08,0.13
2025-12-17 14:29:10.965,-0.19,0.2,8.99,-0.01,-0.07,0.13
2025-12-17 14:29:10.988,-0.22,0.2,9.02,-0.01,-0.08,0.13
2025-12-17 14:29:11.011,-0.26,0.25,9.04,-0.01,-0.08,0.13
2025-12-17 14:29:11.034,-0.19,0.16,9.02,-0.01,-0.08,0.13
2025-12-17 14:29:11.057,-0.22,0.1,9.05,-0.01,-0.08,0.13
2025-12-17 14:29:11.080,-0.26,0.17,9.09,-0.01,-0.08,0.13
2025-12-17 14:29:11.103,-0.24,0.12,9.03,-0.01,-0.08,0.13
2025-12-17 14:29:11.126,-0.26,0.23,9.07,-0.01,-0.08,0.13
2025-12-17 14:29:11.149,-0.22,0.2,8.92,-0.01,-0.08,0.13
2025-12-17 14:29:11.172,-0.29,0.2,9.07,-0.01,-0.08,0.13
2025-12-17 14:29:11.195,-0.27,0.14,8.98,-0.01,-0.08,0.13
2025-12-17 14:29:11.218,-0.27,0.26,9.14,-0.01,-0.08,0.13
2025-12-17 14:29:11.241,-0.22,0.21,9.02,-0.01,-0.08,0.13
2025-12-17 14:29:11.264,-0.22,0.12,9.0,-0.01,-0.08,0.13
2025-12-17 14:29:11.287,-0.22,0.28,8.95,-0.01,-0.08,0.13
2025-12-17 14:29:11.310,-0.2,0.14,9.02,-0.01,-0.08,0.13
2025-12-17 14:29:11.333,-0.15,0.1,9.11,-0.01,-0.08,0.13
2025-12-17 14:29:11.356,-0.27,0.16,9.0,-0.01,-0.08,0.13
2025-12-17 14:29:11.378,-0.2,0.18,9.03,-0.01,-0.08,0.13
2025-12-17 14:29:11.402,-0.21,0.13,8.99,-0.01,-0.07,0.13
2025-12-17 14:29:11.424,-0.29,0.19,9.04,-0.0,-0.08,0.13
2025-12-17 14:29:11.448,-0.28,0.17,9.06,-0.01,-0.08,0.13
2025-12-17 14:29:11.471,-0.22,0.19,9.06,-0.0,-0.08,0.13
2025-12-17 14:29:11.494,-0.17,0.23,9.05,-0.01,-0.08,0.13
2025-12-17 14:29:11.517,-0.15,0.21,8.9,-0.01,-0.08,0.12
2025-12-17 14:29:11.540,-0.19,0.17,8.94,-0.01,-0.08,0.13
2025-12-17 14:29:11.563,-0.28,0.21,9.01,-0.01,-0.08,0.13
2025-12-17 14:29:11.586,-0.28,0.24,9.05,-0.01,-0.08,0.12
2025-12-17 14:29:11.609,-0.13,0.15,9.11,-0.01,-0.08,0.13
2025-12-17 14:29:11.632,-0.23,0.13,9.04,-0.01,-0.08,0.13
2025-12-17 14:29:11.655,-0.22,0.2,9.12,-0.01,-0.08,0.13
2025-12-17 14:29:11.678,-0.2,0.16,9.05,-0.01,-0.08,0.13
2025-12-17 14:29:11.700,-0.2,0.17,9.06,-0.01,-0.08,0.13
2025-12-17 14:29:11.724,-0.24,0.22,9.08,-0.01,-0.08,0.13
2025-12-17 14:29:11.746,-0.26,0.18,9.0,-0.01,-0.08,0.13
2025-12-17 14:29:11.770,-0.28,0.14,9.06,-0.01,-0.08,0.13
2025-12-17 14:29:11.793,-0.24,0.23,8.97,-0.01,-0.08,0.13
2025-12-17 14:29:11.816,-0.18,0.19,9.05,-0.01,-0.08,0.13
2025-12-17 14:29:11.839,-0.21,0.16,9.05,-0.01,-0.08,0.13
2025-12-17 14:29:11.862,-0.28,0.19,9.06,-0.01,-0.08,0.13
2025-12-17 14:29:11.885,-0.14,0.15,9.03,-0.01,-0.08,0.12
2025-12-17 14:29:11.908,-0.18,0.14,8.96,-0.01,-0.08,0.12
2025-12-17 14:29:11.931,-0.25,0.26,9.02,-0.01,-0.08,0.13
2025-12-17 14:29:11.954,-0.21,0.18,9.11,-0.0,-0.08,0.13
2025-12-17 14:29:11.977,-0.21,0.17,9.13,-0.0,-0.08,0.13
2025-12-17 14:29:12.000,-0.25,0.25,9.06,-0.01,-0.08,0.13
2025-12-17 14:29:12.023,-0.21,0.22,9.0,-0.01,-0.08,0.13
2025-12-17 14:29:12.046,-0.26,0.2,9.07,-0.01,-0.08,0.13
2025-12-17 14:29:12.069,-0.22,0.17,9.12,-0.01,-0.08,0.13
2025-12-17 14:29:12.092,-0.21,0.17,9.07,-0.01,-0.08,0.12
2025-12-17 14:29:12.114,-0.21,0.13,8.89,-0.01,-0.08,0.13
2025-12-17 14:29:12.138,-0.18,0.13,9.07,-0.01,-0.08,0.12
2025-12-17 14:29:12.160,-0.23,0.13,9.08,-0.0,-0.08,0.13
2025-12-17 14:29:12.184,-0.19,0.16,9.11,-0.01,-0.08,0.13
2025-12-17 14:29:12.206,-0.21,0.15,9.02,-0.0,-0.08,0.13
2025-12-17 14:29:12.230,-0.16,0.19,9.04,-0.0,-0.08,0.13
2025-12-17 14:29:12.253,-0.15,0.22,8.97,-0.01,-0.08,0.13
2025-12-17 14:29:12.276,-0.27,0.26,9.02,-0.01,-0.08,0.13
2025-12-17 14:29:12.299,-0.22,0.27,9.05,-0.01,-0.08,0.13
2025-12-17 14:29:12.322,-0.2,0.19,8.97,-0.01,-0.08,0.13
2025-12-17 14:29:12.345,-0.21,0.18,9.08,-0.01,-0.08,0.13
2025-12-17 14:29:12.368,-0.25,0.15,9.06,-0.01,-0.08,0.13
2025-12-17 14:29:12.391,-0.26,0.2,9.05,-0.01,-0.08,0.13
2025-12-17 14:29:12.414,-0.21,0.17,8.96,-0.01,-0.08,0.13
2025-12-17 14:29:12.436,-0.24,0.13,9.09,-0.01,-0.08,0.13
2025-12-17 14:29:12.459,-0.21,0.14,9.04,-0.01,-0.08,0.13
2025-12-17 14:29:12.482,-0.2,0.16,8.99,-0.0,-0.08,0.13
2025-12-17 14:29:12.505,-0.23,0.15,9.0,0.0,-0.08,0.12
2025-12-17 14:29:12.529,-0.21,0.2,8.96,-0.0,-0.08,0.12
2025-12-17 14:29:12.552,-0.25,0.32,9.04,-0.0,-0.08,0.13
2025-12-17 14:29:12.575,-0.22,0.22,8.98,-0.01,-0.08,0.12
2025-12-17 14:29:12.598,-0.13,0.2,8.98,-0.01,-0.08,0.13
2025-12-17 14:29:12.621,-0.23,0.17,9.09,-0.01,-0.08,0.13
2025-12-17 14:29:12.644,-0.22,0.1,8.96,-0.01,-0.08,0.12
2025-12-17 14:29:12.667,-0.16,0.13,9.12,-0.01,-0.08,0.13
2025-12-17 14:29:12.690,-0.2,0.14,9.08,-0.01,-0.08,0.13
2025-12-17 14:29:12.713,-0.23,0.15,9.11,-0.01,-0.08,0.13
2025-12-17 14:29:12.736,-0.28,0.14,9.06,-0.0,-0.08,0.13
2025-12-17 14:29:12.759,-0.27,0.17,9.04,-0.0,-0.08,0.13
2025-12-17 14:29:12.782,-0.16,0.15,9.05,-0.0,-0.08,0.13
2025-12-17 14:29:12.805,-0.19,0.25,9.07,-0.0,-0.08,0.13
2025-12-17 14:29:12.828,-0.24,0.26,9.0,-0.01,-0.08,0.13
2025-12-17 14:29:12.851,-0.23,0.19,9.0,-0.01,-0.08,0.13
2025-12-17 14:29:12.874,-0.22,0.19,9.01,-0.01,-0.08,0.13
2025-12-17 14:29:12.897,-0.22,0.24,9.0,-0.01,-0.08,0.13
2025-12-17 14:29:12.920,-0.23,0.22,9.04,-0.01,-0.08,0.12
2025-12-17 14:29:12.943,-0.25,0.13,9.04,-0.01,-0.08,0.13
2025-12-17 14:29:12.966,-0.25,0.18,9.07,-0.01,-0.08,0.12
2025-12-17 14:29:12.989,-0.22,0.17,9.07,-0.01,-0.08,0.13
2025-12-17 14:29:13.012,-0.26,0.16,9.04,-0.0,-0.08,0.13
2025-12-17 14:29:13.035,-0.27,0.15,9.02,-0.01,-0.08,0.13
2025-12-17 14:29:13.058,-0.25,0.09,9.04,-0.0,-0.08,0.13
2025-12-17 14:29:13.081,-0.21,0.15,9.01,-0.0,-0.08,0.13
2025-12-17 14:29:13.103,-0.26,0.27,9.04,-0.0,-0.08,0.13
2025-12-17 14:29:13.126,-0.24,0.22,9.03,-0.0,-0.08,0.13
2025-12-17 14:29:13.149,-0.23,0.27,9.08,-0.01,-0.08,0.13
2025-12-17 14:29:13.172,-0.17,0.25,8.97,-0.01,-0.08,0.13
2025-12-17 14:29:13.195,-0.22,0.16,8.98,-0.01,-0.08,0.13
2025-12-17 14:29:13.219,-0.16,0.12,9.08,-0.01,-0.08,0.13
2025-12-17 14:29:13.242,-0.17,0.14,9.01,-0.01,-0.08,0.12
2025-12-17 14:29:13.265,-0.16,0.17,9.11,-0.01,-0.08,0.13
2025-12-17 14:29:13.288,-0.18,0.18,9.05,-0.01,-0.08,0.13
2025-12-17 14:29:13.310,-0.26,0.2,9.04,-0.01,-0.08,0.12
2025-12-17 14:29:13.333,-0.2,0.19,9.01,-0.01,-0.08,0.12
2025-12-17 14:29:13.357,-0.17,0.19,9.01,-0.0,-0.08,0.13
2025-12-17 14:29:13.380,-0.25,0.18,8.94,-0.0,-0.08,0.12
2025-12-17 14:29:13.403,-0.26,0.23,9.02,-0.01,-0.08,0.13
2025-12-17 14:29:13.426,-0.26,0.23,9.0,-0.01,-0.08,0.13
2025-12-17 14:29:13.449,-0.28,0.26,9.07,-0.01,-0.08,0.13
2025-12-17 14:29:13.472,-0.23,0.22,9.12,-0.01,-0.08,0.13
2025-12-17 14:29:13.495,-0.18,0.17,8.93,-0.01,-0.08,0.13
2025-12-17 14:29:13.518,-0.21,0.14,9.1,-0.01,-0.08,0.13
2025-12-17 14:29:13.541,-0.2,0.09,9.05,-0.01,-0.08,0.13
2025-12-17 14:29:13.564,-0.24,0.15,9.04,-0.01,-0.08,0.13
2025-12-17 14:29:13.587,-0.25,0.17,9.09,-0.01,-0.08,0.13
2025-12-17 14:29:13.610,-0.19,0.13,9.04,-0.0,-0.08,0.13
2025-12-17 14:29:13.633,-0.24,0.18,8.99,-0.01,-0.08,0.13
2025-12-17 14:29:13.656,-0.13,0.16,9.08,-0.01,-0.08,0.13
2025-12-17 14:29:13.679,-0.27,0.15,8.96,-0.0,-0.08,0.13
2025-12-17 14:29:13.702,-0.25,0.24,8.99,-0.0,-0.08,0.13
2025-12-17 14:29:13.725,-0.28,0.28,9.02,-0.01,-0.08,0.13
2025-12-17 14:29:13.748,-0.21,0.28,8.98,-0.01,-0.08,0.12
2025-12-17 14:29:13.771,-0.24,0.23,8.98,-0.01,-0.08,0.13
2025-12-17 14:29:13.794,-0.15,0.17,8.99,-0.01,-0.08,0.13
2025-12-17 14:29:13.816,-0.17,0.16,9.09,-0.01,-0.08,0.13
2025-12-17 14:29:13.840,-0.17,0.07,9.0,-0.01,-0.08,0.13
2025-12-17 14:29:13.863,-0.2,0.17,8.96,-0.01,-0.08,0.13
2025-12-17 14:29:13.885,-0.18,0.2,9.07,-0.01,-0.08,0.13
2025-12-17 14:29:13.908,-0.18,0.14,9.09,-0.0,-0.08,0.13
2025-12-17 14:29:13.931,-0.27,0.21,9.04,-0.0,-0.08,0.13
2025-12-17 14:29:13.954,-0.27,0.22,9.0,-0.0,-0.08,0.13
2025-12-17 14:29:13.978,-0.19,0.12,9.0,-0.01,-0.08,0.13
2025-12-17 14:29:14.001,-0.17,0.24,9.03,-0.01,-0.08,0.12
2025-12-17 14:29:14.024,-0.26,0.3,9.05,-0.01,-0.08,0.13
2025-12-17 14:29:14.047,-0.29,0.28,9.06,-0.01,-0.08,0.13
2025-12-17 14:29:14.070,-0.14,0.17,8.98,-0.01,-0.08,0.13
2025-12-17 14:29:14.093,-0.16,0.12,9.1,-0.01,-0.08,0.12
2025-12-17 14:29:14.116,-0.2,0.04,8.99,-0.01,-0.08,0.13
2025-12-17 14:29:14.139,-0.2,0.14,9.06,-0.01,-0.08,0.13
2025-12-17 14:29:14.162,-0.16,0.19,8.95,-0.01,-0.08,0.13
2025-12-17 14:29:14.185,-0.19,0.23,9.07,-0.01,-0.08,0.12
2025-12-17 14:29:14.207,-0.22,0.21,9.04,-0.0,-0.08,0.13
2025-12-17 14:29:14.231,-0.22,0.21,8.97,-0.01,-0.08,0.13
2025-12-17 14:29:14.254,-0.25,0.15,8.99,-0.01,-0.08,0.13
2025-12-17 14:29:14.277,-0.21,0.27,9.0,-0.0,-0.08,0.13
2025-12-17 14:29:14.300,-0.26,0.24,9.01,-0.01,-0.08,0.12
2025-12-17 14:29:14.323,-0.29,0.19,8.98,-0.01,-0.08,0.13
2025-12-17 14:29:14.345,-0.2,0.21,9.07,-0.01,-0.08,0.13
2025-12-17 14:29:14.369,-0.23,0.19,9.01,-0.01,-0.08,0.13
2025-12-17 14:29:14.392,-0.17,0.19,9.06,-0.01,-0.08,0.12
2025-12-17 14:29:14.415,-0.17,0.09,9.01,-0.01,-0.08,0.13
2025-12-17 14:29:14.438,-0.18,0.22,9.11,-0.01,-0.08,0.13
2025-12-17 14:29:14.461,-0.19,0.17,9.0,-0.0,-0.08,0.13
2025-12-17 14:29:14.483,-0.19,0.19,9.08,-0.0,-0.08,0.13
2025-12-17 14:29:14.507,-0.25,0.24,9.07,-0.01,-0.08,0.13
2025-12-17 14:29:14.529,-0.17,0.17,8.96,-0.01,-0.08,0.13
2025-12-17 14:29:14.553,-0.18,0.13,9.03,-0.01,-0.08,0.13
2025-12-17 14:29:14.575,-0.33,0.23,9.05,-0.01,-0.08,0.13
2025-12-17 14:29:14.599,-0.24,0.21,9.04,-0.01,-0.08,0.13
2025-12-17 14:29:14.622,-0.25,0.23,8.96,-0.01,-0.08,0.12
2025-12-17 14:29:14.645,-0.24,0.2,9.04,-0.01,-0.08,0.13
2025-12-17 14:29:14.668,-0.19,0.14,9.0,-0.01,-0.08,0.13
2025-12-17 14:29:14.691,-0.13,0.14,9.05,-0.01,-0.08,0.13
2025-12-17 14:29:14.714,-0.17,0.16,8.98,-0.01,-0.08,0.13
2025-12-17 14:29:14.737,-0.22,0.13,8.95,-0.0,-0.08,0.13
2025-12-17 14:29:14.760,-0.19,0.22,9.0,-0.01,-0.08,0.13
2025-12-17 14:29:14.782,-0.23,0.2,9.06,-0.01,-0.08,0.12
2025-12-17 14:29:14.805,-0.15,0.11,9.02,-0.01,-0.08,0.12
2025-12-17 14:29:14.828,-0.28,0.17,8.95,-0.01,-0.08,0.13
2025-12-17 14:29:14.852,-0.24,0.23,8.97,-0.0,-0.08,0.13
2025-12-17 14:29:14.875,-0.3,0.17,9.01,-0.01,-0.08,0.13
2025-12-17 14:29:14.898,-0.23,0.26,9.04,-0.01,-0.08,0.13
2025-12-17 14:29:14.921,-0.25,0.19,9.11,-0.01,-0.08,0.13
2025-12-17 14:29:14.944,-0.27,0.08,9.07,-0.01,-0.08,0.13
2025-12-17 14:29:14.967,-0.23,0.19,9.0,-0.01,-0.09,0.13
2025-12-17 14:29:14.990,-0.13,0.11,9.04,-0.01,-0.08,0.12
2025-12-17 14:29:15.013,-0.17,0.16,8.99,-0.01,-0.08,0.13
2025-12-17 14:29:15.036,-0.18,0.22,9.0,-0.01,-0.08,0.13
2025-12-17 14:29:15.059,-0.23,0.22,8.94,-0.01,-0.08,0.12
2025-12-17 14:29:15.082,-0.23,0.26,9.05,-0.01,-0.08,0.12
2025-12-17 14:29:15.105,-0.26,0.15,9.03,-0.01,-0.08,0.13
2025-12-17 14:29:15.128,-0.14,0.1,9.06,-0.01,-0.08,0.13
2025-12-17 14:29:15.151,-0.18,0.13,8.98,-0.01,-0.08,0.12
2025-12-17 14:29:15.174,-0.21,0.21,9.1,-0.01,-0.08,0.12
2025-12-17 14:29:15.197,-0.28,0.17,9.11,-0.01,-0.08,0.13
2025-12-17 14:29:15.220,-0.23,0.21,8.99,-0.01,-0.08,0.13
2025-12-17 14:29:15.243,-0.24,0.18,9.04,-0.01,-0.08,0.13
2025-12-17 14:29:15.266,-0.22,0.1,9.09,-0.01,-0.08,0.13
2025-12-17 14:29:15.289,-0.23,0.12,8.93,-0.0,-0.08,0.13
2025-12-17 14:29:15.312,-0.21,0.18,9.0,-0.0,-0.08,0.13
2025-12-17 14:29:15.335,-0.14,0.21,8.96,-0.0,-0.08,0.13
2025-12-17 14:29:15.358,-0.3,0.23,9.13,-0.0,-0.08,0.13
2025-12-17 14:29:15.381,-0.23,0.29,9.03,-0.01,-0.08,0.12
2025-12-17 14:29:15.404,-0.26,0.15,9.02,-0.01,-0.08,0.13
2025-12-17 14:29:15.427,-0.2,0.07,8.98,-0.0,-0.08,0.12
2025-12-17 14:29:15.450,-0.28,0.25,9.13,-0.01,-0.08,0.13
2025-12-17 14:29:15.473,-0.3,0.23,8.95,-0.01,-0.08,0.13
2025-12-17 14:29:15.496,-0.28,0.2,9.0,-0.01,-0.08,0.13
2025-12-17 14:29:15.519,-0.19,0.17,9.01,-0.01,-0.08,0.13
2025-12-17 14:29:15.542,-0.22,0.22,9.06,-0.01,-0.08,0.13
2025-12-17 14:29:15.565,-0.2,0.08,9.1,-0.01,-0.08,0.13
2025-12-17 14:29:15.588,-0.2,0.16,9.0,-0.0,-0.08,0.13
2025-12-17 14:29:15.611,-0.15,0.16,8.97,-0.0,-0.08,0.12
2025-12-17 14:29:15.634,-0.2,0.2,8.99,-0.01,-0.08,0.13
2025-12-17 14:29:15.657,-0.22,0.24,9.0,-0.0,-0.07,0.13
2025-12-17 14:29:15.679,-0.16,0.23,8.97,-0.01,-0.08,0.13
2025-12-17 14:29:15.703,-0.11,0.18,9.01,-0.01,-0.08,0.13
2025-12-17 14:29:15.726,-0.18,0.21,9.02,-0.01,-0.08,0.12
2025-12-17 14:29:15.749,-0.23,0.22,8.96,-0.01,-0.08,0.12
2025-12-17 14:29:15.771,-0.25,0.2,9.04,-0.01,-0.08,0.13
2025-12-17 14:29:15.795,-0.26,0.15,8.97,-0.01,-0.08,0.13
2025-12-17 14:29:15.818,-0.23,0.27,9.08,-0.01,-0.08,0.12
2025-12-17 14:29:15.841,-0.28,0.17,8.98,-0.01,-0.08,0.13
2025-12-17 14:29:15.864,-0.19,0.16,8.99,-0.01,-0.08,0.13
2025-12-17 14:29:15.887,-0.27,0.16,9.08,-0.01,-0.08,0.13
2025-12-17 14:29:15.910,-0.22,0.13,9.06,-0.01,-0.08,0.13
2025-12-17 14:29:15.933,-0.18,0.26,8.98,-0.0,-0.08,0.13
2025-12-17 14:29:15.956,-0.23,0.16,9.11,-0.0,-0.08,0.13
2025-12-17 14:29:15.979,-0.13,0.18,8.94,-0.01,-0.08,0.12
2025-12-17 14:29:16.002,-0.19,0.18,9.03,-0.01,-0.08,0.12
2025-12-17 14:29:16.025,-0.23,0.18,9.04,-0.01,-0.08,0.13
2025-12-17 14:29:16.048,-0.22,0.17,8.98,-0.01,-0.08,0.13
2025-12-17 14:29:16.071,-0.19,0.22,8.94,-0.01,-0.08,0.13
2025-12-17 14:29:16.094,-0.31,0.2,8.98,-0.01,-0.08,0.12
2025-12-17 14:29:16.117,-0.21,0.17,8.98,-0.01,-0.08,0.13
2025-12-17 14:29:16.140,-0.26,0.18,8.98,-0.01,-0.08,0.13
2025-12-17 14:29:16.163,-0.23,0.19,8.99,-0.01,-0.08,0.13
2025-12-17 14:29:16.186,-0.16,0.11,9.0,-0.01,-0.08,0.13
2025-12-17 14:29:16.209,-0.21,0.15,8.96,-0.0,-0.08,0.12
2025-12-17 14:29:16.231,-0.28,0.18,9.11,-0.0,-0.08,0.13
2025-12-17 14:29:16.254,-0.25,0.19,9.1,-0.01,-0.08,0.13
2025-12-17 14:29:16.278,-0.17,0.21,9.03,-0.01,-0.08,0.13
2025-12-17 14:29:16.301,-0.24,0.23,9.06,-0.0,-0.08,0.13
2025-12-17 14:29:16.324,-0.24,0.14,8.99,-0.01,-0.08,0.13
2025-12-17 14:29:16.347,-0.14,0.21,9.05,-0.01,-0.08,0.13
2025-12-17 14:29:16.369,-0.13,0.15,8.97,-0.01,-0.08,0.12
2025-12-17 14:29:16.393,-0.16,0.22,9.11,-0.02,-0.08,0.13
2025-12-17 14:29:16.416,-0.14,0.1,9.14,-0.01,-0.08,0.13
2025-12-17 14:29:16.439,-0.28,0.16,8.96,-0.01,-0.08,0.12
2025-12-17 14:29:16.462,-0.28,0.17,9.06,-0.01,-0.08,0.13
2025-12-17 14:29:16.485,-0.33,0.08,9.04,-0.01,-0.08,0.13
2025-12-17 14:29:16.508,-0.27,0.12,8.99,-0.01,-0.08,0.13
2025-12-17 14:29:16.531,-0.2,0.21,9.05,-0.01,-0.08,0.13
2025-12-17 14:29:16.554,-0.2,0.2,9.02,-0.01,-0.08,0.13
2025-12-17 14:29:16.577,-0.24,0.24,9.0,-0.01,-0.08,0.13
2025-12-17 14:29:16.600,-0.2,0.26,8.9,-0.01,-0.08,0.13
2025-12-17 14:29:16.623,-0.23,0.2,9.02,-0.01,-0.08,0.12
2025-12-17 14:29:16.651,-0.19,0.19,9.06,-0.01,-0.08,0.12
2025-12-17 14:29:16.668,-0.21,0.2,9.01,-0.01,-0.08,0.13
2025-12-17 14:29:16.691,-0.22,0.22,9.05,-0.01,-0.08,0.12
2025-12-17 14:29:16.715,-0.28,0.12,9.05,-0.01,-0.08,0.12
2025-12-17 14:29:16.738,-0.22,0.1,9.11,-0.01,-0.08,0.13
2025-12-17 14:29:16.761,-0.17,0.17,9.07,-0.0,-0.08,0.13
2025-12-17 14:29:16.784,-0.26,0.15,9.06,-0.01,-0.08,0.13
2025-12-17 14:29:16.807,-0.18,0.21,9.07,-0.0,-0.08,0.13
2025-12-17 14:29:16.830,-0.24,0.23,8.99,-0.0,-0.08,0.13
2025-12-17 14:29:16.853,-0.22,0.14,8.99,-0.0,-0.08,0.13
2025-12-17 14:29:16.876,-0.19,0.17,9.04,-0.01,-0.08,0.13
2025-12-17 14:29:16.899,-0.25,0.28,9.14,-0.01,-0.08,0.12
2025-12-17 14:29:16.922,-0.21,0.21,9.08,-0.01,-0.08,0.13
2025-12-17 14:29:16.945,-0.16,0.2,9.02,-0.01,-0.08,0.13
2025-12-17 14:29:16.968,-0.16,0.17,8.99,-0.01,-0.08,0.12
2025-12-17 14:29:16.991,-0.16,0.28,9.14,-0.01,-0.08,0.12
2025-12-17 14:29:17.014,-0.14,0.16,9.05,-0.01,-0.08,0.13
2025-12-17 14:29:17.037,-0.26,0.19,9.09,-0.01,-0.08,0.13
2025-12-17 14:29:17.060,-0.22,0.19,9.03,-0.01,-0.08,0.13
2025-12-17 14:29:17.083,-0.23,0.12,8.97,-0.0,-0.08,0.12
2025-12-17 14:29:17.106,-0.2,0.18,9.06,-0.01,-0.08,0.12
2025-12-17 14:29:17.129,-0.23,0.19,9.09,-0.01,-0.08,0.13
2025-12-17 14:29:17.152,-0.2,0.11,8.99,-0.01,-0.08,0.13
2025-12-17 14:29:17.175,-0.26,0.22,8.96,-0.01,-0.08,0.13
2025-12-17 14:29:17.198,-0.21,0.22,9.0,-0.01,-0.08,0.13
2025-12-17 14:29:17.221,-0.16,0.21,8.98,-0.01,-0.08,0.13
2025-12-17 14:29:17.244,-0.24,0.15,9.01,-0.01,-0.08,0.13
2025-12-17 14:29:17.266,-0.27,0.16,8.94,-0.01,-0.08,0.13
2025-12-17 14:29:17.289,-0.21,0.13,8.93,-0.01,-0.08,0.12
2025-12-17 14:29:17.312,-0.22,0.12,9.08,-0.01,-0.08,0.13
2025-12-17 14:29:17.336,-0.16,0.11,9.05,-0.0,-0.08,0.13
2025-12-17 14:29:17.359,-0.11,0.15,8.98,-0.0,-0.07,0.12
2025-12-17 14:29:17.382,-0.21,0.21,9.01,-0.0,-0.08,0.13
2025-12-17 14:29:17.405,-0.25,0.23,8.96,-0.0,-0.08,0.13
2025-12-17 14:29:17.428,-0.26,0.22,8.92,-0.01,-0.08,0.13
2025-12-17 14:29:17.451,-0.3,0.23,9.03,-0.01,-0.08,0.13
2025-12-17 14:29:17.474,-0.25,0.17,9.06,-0.01,-0.08,0.13
2025-12-17 14:29:17.497,-0.25,0.2,8.94,-0.01,-0.08,0.12
2025-12-17 14:29:17.520,-0.24,0.24,9.03,-0.01,-0.08,0.13
2025-12-17 14:29:17.543,-0.18,0.21,9.07,-0.01,-0.08,0.13
2025-12-17 14:29:17.565,-0.15,0.12,9.1,-0.01,-0.08,0.12
2025-12-17 14:29:17.589,-0.15,0.08,9.09,-0.01,-0.08,0.13
2025-12-17 14:29:17.612,-0.19,0.05,9.11,-0.01,-0.08,0.13
2025-12-17 14:29:17.634,-0.16,0.12,9.12,-0.0,-0.08,0.12
2025-12-17 14:29:17.658,-0.11,0.06,9.04,-0.0,-0.08,0.13
2025-12-17 14:29:17.681,-0.12,0.28,9.03,-0.0,-0.08,0.13
2025-12-17 14:29:17.704,-0.17,0.27,9.0,-0.0,-0.08,0.13
2025-12-17 14:29:17.727,-0.22,0.25,9.04,-0.0,-0.08,0.13
2025-12-17 14:29:17.750,-0.24,0.15,9.05,-0.0,-0.08,0.13
2025-12-17 14:29:17.773,-0.22,0.21,9.11,-0.01,-0.08,0.13
2025-12-17 14:29:17.796,-0.32,0.24,9.03,-0.01,-0.08,0.12
2025-12-17 14:29:17.819,-0.37,0.13,9.08,-0.01,-0.08,0.13
2025-12-17 14:29:17.842,-0.33,0.13,8.95,-0.01,-0.08,0.13
2025-12-17 14:29:17.865,-0.33,0.12,9.1,-0.01,-0.08,0.13
2025-12-17 14:29:17.888,-0.28,0.07,9.02,-0.01,-0.08,0.13
2025-12-17 14:29:17.911,-0.22,0.12,9.08,-0.01,-0.08,0.13
2025-12-17 14:29:17.934,-0.13,0.18,9.08,-0.0,-0.08,0.13
2025-12-17 14:29:17.956,-0.13,0.14,9.03,-0.0,-0.08,0.12
2025-12-17 14:29:17.980,-0.08,0.17,8.99,-0.0,-0.08,0.13
2025-12-17 14:29:18.003,-0.12,0.25,9.02,-0.0,-0.08,0.13
2025-12-17 14:29:18.025,-0.12,0.19,8.96,-0.01,-0.08,0.13
2025-12-17 14:29:18.049,-0.19,0.24,8.96,-0.01,-0.08,0.12
2025-12-17 14:29:18.072,-0.18,0.28,8.95,-0.01,-0.08,0.13
2025-12-17 14:29:18.095,-0.26,0.14,9.03,-0.01,-0.08,0.13
2025-12-17 14:29:18.118,-0.36,0.18,9.07,-0.01,-0.08,0.13
2025-12-17 14:29:18.141,-0.4,0.21,9.03,-0.01,-0.08,0.13
2025-12-17 14:29:18.164,-0.31,0.09,9.09,-0.01,-0.08,0.13
2025-12-17 14:29:18.187,-0.28,0.16,9.01,-0.01,-0.08,0.13
2025-12-17 14:29:18.210,-0.27,0.13,9.13,-0.0,-0.08,0.12
2025-12-17 14:29:18.233,-0.22,0.17,9.05,-0.0,-0.08,0.13
2025-12-17 14:29:18.256,-0.18,0.14,8.94,-0.0,-0.08,0.13
2025-12-17 14:29:18.279,-0.15,0.21,8.93,-0.0,-0.07,0.12
2025-12-17 14:29:18.302,-0.15,0.2,9.01,-0.01,-0.08,0.13
2025-12-17 14:29:18.325,-0.2,0.28,8.97,-0.01,-0.08,0.13
2025-12-17 14:29:18.348,-0.12,0.24,8.99,-0.01,-0.08,0.13
2025-12-17 14:29:18.371,-0.16,0.27,9.05,-0.01,-0.08,0.13
2025-12-17 14:29:18.394,-0.25,0.18,8.94,-0.01,-0.08,0.13
2025-12-17 14:29:18.417,-0.25,0.16,9.01,-0.01,-0.08,0.12
2025-12-17 14:29:18.440,-0.3,0.16,9.07,-0.01,-0.08,0.12
2025-12-17 14:29:18.463,-0.31,0.13,9.05,-0.01,-0.08,0.12
2025-12-17 14:29:18.486,-0.25,0.11,9.06,-0.01,-0.08,0.13
2025-12-17 14:29:18.509,-0.25,0.1,9.05,-0.0,-0.08,0.12
2025-12-17 14:29:18.532,-0.24,0.16,9.09,-0.01,-0.08,0.13
2025-12-17 14:29:18.555,-0.23,0.18,9.12,-0.0,-0.08,0.13
2025-12-17 14:29:18.578,-0.21,0.23,9.08,-0.0,-0.08,0.13
2025-12-17 14:29:18.601,-0.22,0.26,9.02,-0.01,-0.08,0.13
2025-12-17 14:29:18.624,-0.12,0.27,8.9,-0.01,-0.08,0.13
2025-12-17 14:29:18.647,-0.17,0.2,9.14,-0.01,-0.08,0.13
2025-12-17 14:29:18.670,-0.17,0.23,9.04,-0.01,-0.08,0.13
2025-12-17 14:29:18.693,-0.17,0.23,8.88,-0.01,-0.08,0.13
2025-12-17 14:29:18.715,-0.22,0.21,9.07,-0.01,-0.08,0.13
2025-12-17 14:29:18.738,-0.2,0.11,9.06,-0.01,-0.08,0.13
2025-12-17 14:29:18.762,-0.17,0.13,9.01,-0.01,-0.08,0.13
2025-12-17 14:29:18.785,-0.26,0.13,9.11,-0.01,-0.08,0.13
2025-12-17 14:29:18.808,-0.26,0.2,8.95,-0.01,-0.08,0.13
2025-12-17 14:29:18.831,-0.27,0.1,9.08,-0.0,-0.08,0.13
2025-12-17 14:29:18.854,-0.34,0.19,9.07,-0.0,-0.08,0.12
2025-12-17 14:29:18.877,-0.2,0.23,9.01,-0.0,-0.08,0.13
2025-12-17 14:29:18.900,-0.22,0.24,9.02,-0.01,-0.08,0.13
2025-12-17 14:29:18.923,-0.17,0.21,9.01,-0.01,-0.08,0.13
2025-12-17 14:29:18.946,-0.16,0.26,9.07,-0.01,-0.08,0.13
2025-12-17 14:29:18.969,-0.14,0.16,9.01,-0.01,-0.08,0.12
2025-12-17 14:29:18.992,-0.15,0.19,9.05,-0.01,-0.08,0.12
2025-12-17 14:29:19.015,-0.22,0.19,9.03,-0.01,-0.08,0.13
2025-12-17 14:29:19.038,-0.23,0.11,8.95,-0.01,-0.08,0.13
2025-12-17 14:29:19.079,-0.25,0.18,9.04,-0.01,-0.08,0.13
2025-12-17 14:29:19.084,-0.26,0.12,9.14,-0.0,-0.08,0.12
2025-12-17 14:29:19.107,-0.23,0.11,9.05,-0.0,-0.08,0.13
2025-12-17 14:29:19.130,-0.31,0.13,8.99,0.0,-0.08,0.13
2025-12-17 14:29:19.153,-0.23,0.15,9.08,-0.0,-0.08,0.13
2025-12-17 14:29:19.176,-0.25,0.24,8.94,-0.0,-0.08,0.13
2025-12-17 14:29:19.199,-0.2,0.27,8.99,-0.01,-0.08,0.13
2025-12-17 14:29:19.222,-0.17,0.22,9.01,-0.01,-0.08,0.13
2025-12-17 14:29:19.244,-0.17,0.17,9.06,-0.01,-0.08,0.13
2025-12-17 14:29:19.267,-0.18,0.28,8.97,-0.01,-0.08,0.12
2025-12-17 14:29:19.290,-0.16,0.21,9.01,-0.01,-0.08,0.13
2025-12-17 14:29:19.314,-0.24,0.16,9.05,-0.01,-0.08,0.12
2025-12-17 14:29:19.337,-0.17,0.16,9.06,-0.01,-0.08,0.13
2025-12-17 14:29:19.360,-0.18,0.17,9.05,-0.01,-0.08,0.13
2025-12-17 14:29:19.383,-0.16,0.11,9.1,-0.01,-0.08,0.13
2025-12-17 14:29:19.406,-0.19,0.14,9.07,-0.0,-0.08,0.13
2025-12-17 14:29:19.429,-0.23,0.14,9.02,-0.0,-0.08,0.13
2025-12-17 14:29:19.452,-0.3,0.17,9.05,-0.01,-0.08,0.13
2025-12-17 14:29:19.475,-0.25,0.2,9.11,0.0,-0.08,0.12
2025-12-17 14:29:19.498,-0.27,0.29,8.99,-0.01,-0.08,0.13
2025-12-17 14:29:19.521,-0.23,0.24,9.08,-0.01,-0.08,0.13
2025-12-17 14:29:19.544,-0.18,0.19,8.97,-0.01,-0.08,0.13
2025-12-17 14:29:19.567,-0.18,0.2,8.99,-0.01,-0.08,0.13
2025-12-17 14:29:19.590,-0.23,0.16,9.11,-0.01,-0.08,0.13
2025-12-17 14:29:19.613,-0.17,0.1,9.04,-0.01,-0.08,0.13
2025-12-17 14:29:19.636,-0.18,0.18,9.13,-0.01,-0.08,0.13
2025-12-17 14:29:19.659,-0.18,0.21,9.19,-0.01,-0.08,0.13
2025-12-17 14:29:19.682,-0.24,0.14,9.1,-0.01,-0.08,0.13
2025-12-17 14:29:19.705,-0.3,0.22,9.05,-0.0,-0.08,0.12
2025-12-17 14:29:19.728,-0.16,0.2,9.06,-0.01,-0.08,0.13
2025-12-17 14:29:19.751,-0.21,0.17,9.01,-0.0,-0.08,0.13
2025-12-17 14:29:19.774,-0.25,0.24,9.0,-0.01,-0.08,0.12
2025-12-17 14:29:19.797,-0.18,0.24,8.96,-0.01,-0.08,0.13
2025-12-17 14:29:19.820,-0.23,0.18,8.96,-0.01,-0.08,0.13
2025-12-17 14:29:19.843,-0.27,0.26,9.02,-0.01,-0.08,0.13
2025-12-17 14:29:19.866,-0.27,0.17,9.09,-0.01,-0.08,0.13
2025-12-17 14:29:19.889,-0.25,0.17,9.1,-0.01,-0.08,0.13
2025-12-17 14:29:19.912,-0.19,0.09,9.06,-0.01,-0.08,0.13
2025-12-17 14:29:19.935,-0.22,0.16,9.02,-0.01,-0.08,0.13
2025-12-17 14:29:19.958,-0.26,0.1,8.98,-0.0,-0.08,0.13
2025-12-17 14:29:19.981,-0.24,0.23,9.11,-0.0,-0.08,0.13
2025-12-17 14:29:20.004,-0.24,0.18,9.0,-0.0,-0.08,0.13
2025-12-17 14:29:20.026,-0.16,0.14,8.98,-0.0,-0.08,0.13
2025-12-17 14:29:20.050,-0.25,0.27,9.02,-0.01,-0.08,0.13
2025-12-17 14:29:20.073,-0.27,0.26,8.93,-0.01,-0.08,0.13
2025-12-17 14:29:20.096,-0.21,0.27,9.04,-0.01,-0.08,0.12
2025-12-17 14:29:20.119,-0.26,0.17,9.01,-0.01,-0.08,0.13
2025-12-17 14:29:20.142,-0.23,0.23,9.02,-0.01,-0.08,0.13
2025-12-17 14:29:20.165,-0.17,0.17,9.06,-0.01,-0.08,0.13
2025-12-17 14:29:20.188,-0.19,0.09,8.91,-0.01,-0.08,0.13
2025-12-17 14:29:20.211,-0.19,0.12,9.09,-0.01,-0.08,0.13
2025-12-17 14:29:20.234,-0.15,0.06,9.03,-0.0,-0.08,0.12
2025-12-17 14:29:20.257,-0.28,0.18,9.05,-0.01,-0.08,0.13
2025-12-17 14:29:20.280,-0.3,0.21,9.06,-0.0,-0.08,0.13
2025-12-17 14:29:20.303,-0.19,0.13,9.09,-0.0,-0.08,0.13
2025-12-17 14:29:20.326,-0.22,0.2,9.1,-0.0,-0.08,0.13
2025-12-17 14:29:20.349,-0.23,0.31,9.03,-0.01,-0.08,0.13
2025-12-17 14:29:20.372,-0.27,0.17,9.04,-0.01,-0.08,0.13
2025-12-17 14:29:20.395,-0.24,0.21,9.04,-0.01,-0.08,0.13
2025-12-17 14:29:20.418,-0.18,0.18,9.0,-0.01,-0.08,0.13
2025-12-17 14:29:20.441,-0.17,0.17,9.05,-0.01,-0.08,0.13
2025-12-17 14:29:20.464,-0.18,0.18,9.01,-0.01,-0.08,0.13
2025-12-17 14:29:20.487,-0.26,0.12,9.06,-0.01,-0.08,0.13
2025-12-17 14:29:20.509,-0.2,0.19,9.15,-0.01,-0.08,0.13
2025-12-17 14:29:20.533,-0.2,0.13,9.03,-0.01,-0.08,0.13
2025-12-17 14:29:20.556,-0.25,0.14,8.99,-0.0,-0.08,0.13
2025-12-17 14:29:20.579,-0.22,0.13,9.02,-0.01,-0.08,0.13
2025-12-17 14:29:20.602,-0.21,0.18,9.0,-0.01,-0.08,0.13
2025-12-17 14:29:20.625,-0.28,0.18,8.99,-0.01,-0.08,0.12
2025-12-17 14:29:20.648,-0.23,0.21,8.99,-0.01,-0.08,0.13
2025-12-17 14:29:20.671,-0.3,0.19,9.03,-0.01,-0.08,0.13
2025-12-17 14:29:20.693,-0.23,0.22,9.03,-0.01,-0.08,0.13
2025-12-17 14:29:20.717,-0.24,0.21,9.07,-0.01,-0.08,0.13
2025-12-17 14:29:20.740,-0.2,0.17,8.98,-0.01,-0.08,0.13
2025-12-17 14:29:20.763,-0.2,0.17,9.08,-0.01,-0.08,0.13
2025-12-17 14:29:20.786,-0.13,0.18,9.05,-0.01,-0.08,0.13
2025-12-17 14:29:20.809,-0.17,0.1,9.05,-0.0,-0.08,0.13
2025-12-17 14:29:20.832,-0.18,0.2,9.09,-0.0,-0.08,0.13
2025-12-17 14:29:20.855,-0.22,0.18,9.05,-0.01,-0.08,0.13
2025-12-17 14:29:20.878,-0.16,0.19,9.14,-0.01,-0.08,0.13
2025-12-17 14:29:20.901,-0.28,0.24,9.07,-0.01,-0.08,0.12
2025-12-17 14:29:20.924,-0.25,0.24,9.01,-0.01,-0.08,0.13
2025-12-17 14:29:20.947,-0.23,0.12,8.99,-0.0,-0.08,0.13
2025-12-17 14:29:20.970,-0.27,0.21,9.07,-0.01,-0.08,0.13
2025-12-17 14:29:20.993,-0.23,0.23,9.06,-0.01,-0.08,0.12
2025-12-17 14:29:21.016,-0.22,0.15,9.05,-0.01,-0.08,0.13
2025-12-17 14:29:21.039,-0.21,0.17,8.95,-0.01,-0.08,0.13
2025-12-17 14:29:21.062,-0.16,0.17,8.97,-0.01,-0.08,0.13
2025-12-17 14:29:21.085,-0.14,0.17,9.1,-0.01,-0.08,0.13
2025-12-17 14:29:21.108,-0.19,0.12,8.99,-0.0,-0.08,0.12
2025-12-17 14:29:21.131,-0.22,0.21,9.0,-0.01,-0.08,0.13
2025-12-17 14:29:21.154,-0.24,0.16,9.07,-0.01,-0.08,0.13
2025-12-17 14:29:21.177,-0.25,0.23,8.96,-0.01,-0.08,0.13
2025-12-17 14:29:21.199,-0.29,0.23,8.99,-0.01,-0.08,0.13
2025-12-17 14:29:21.223,-0.28,0.15,9.05,-0.01,-0.08,0.13
2025-12-17 14:29:21.246,-0.19,0.15,9.09,-0.01,-0.08,0.13
2025-12-17 14:29:21.269,-0.16,0.19,8.98,-0.01,-0.08,0.12
2025-12-17 14:29:21.292,-0.23,0.17,9.01,-0.01,-0.08,0.12
2025-12-17 14:29:21.315,-0.24,0.17,9.03,-0.01,-0.08,0.12
2025-12-17 14:29:21.338,-0.17,0.22,9.07,-0.01,-0.08,0.13
2025-12-17 14:29:21.361,-0.23,0.16,9.07,-0.01,-0.08,0.13
2025-12-17 14:29:21.384,-0.2,0.14,8.95,-0.01,-0.08,0.13
2025-12-17 14:29:21.407,-0.19,0.16,9.0,-0.0,-0.08,0.13
2025-12-17 14:29:21.430,-0.16,0.21,8.96,-0.01,-0.08,0.13
2025-12-17 14:29:21.453,-0.18,0.21,8.99,-0.01,-0.08,0.13
2025-12-17 14:29:21.476,-0.3,0.24,9.04,-0.01,-0.08,0.13
2025-12-17 14:29:21.499,-0.24,0.16,9.01,-0.01,-0.08,0.13
2025-12-17 14:29:21.522,-0.21,0.13,9.05,-0.01,-0.08,0.13
2025-12-17 14:29:21.545,-0.28,0.18,8.96,-0.01,-0.08,0.13
2025-12-17 14:29:21.568,-0.26,0.19,9.03,-0.01,-0.08,0.13
2025-12-17 14:29:21.591,-0.26,0.23,9.02,-0.01,-0.08,0.13
2025-12-17 14:29:21.614,-0.25,0.21,9.07,-0.01,-0.08,0.13
2025-12-17 14:29:21.637,-0.18,0.18,9.06,-0.01,-0.08,0.13
2025-12-17 14:29:21.660,-0.19,0.07,9.02,-0.01,-0.08,0.12
2025-12-17 14:29:21.683,-0.18,0.17,9.03,-0.01,-0.08,0.13
2025-12-17 14:29:21.706,-0.16,0.2,9.0,-0.01,-0.08,0.13
2025-12-17 14:29:21.729,-0.26,0.18,9.02,-0.01,-0.08,0.13
2025-12-17 14:29:21.752,-0.27,0.29,9.03,-0.01,-0.08,0.13
2025-12-17 14:29:21.775,-0.25,0.2,9.01,-0.01,-0.08,0.13
2025-12-17 14:29:21.798,-0.25,0.17,9.04,-0.01,-0.08,0.13
2025-12-17 14:29:21.821,-0.26,0.22,8.95,-0.01,-0.08,0.13
2025-12-17 14:29:21.844,-0.2,0.22,9.09,-0.01,-0.08,0.13
2025-12-17 14:29:21.867,-0.28,0.19,9.05,-0.01,-0.08,0.13
2025-12-17 14:29:21.890,-0.2,0.2,9.03,-0.01,-0.08,0.13
2025-12-17 14:29:21.913,-0.27,0.22,9.03,-0.01,-0.08,0.13
2025-12-17 14:29:21.936,-0.26,0.16,9.09,-0.01,-0.08,0.13
2025-12-17 14:29:21.959,-0.18,0.16,9.11,-0.01,-0.08,0.12
2025-12-17 14:29:21.982,-0.16,0.11,9.02,-0.01,-0.08,0.13
2025-12-17 14:29:22.005,-0.17,0.16,9.09,-0.01,-0.08,0.13
2025-12-17 14:29:22.028,-0.2,0.24,9.05,-0.01,-0.08,0.13
2025-12-17 14:29:22.051,-0.21,0.19,9.1,-0.01,-0.08,0.13
2025-12-17 14:29:22.074,-0.25,0.15,9.08,-0.01,-0.08,0.13
2025-12-17 14:29:22.097,-0.24,0.18,9.0,-0.01,-0.08,0.13
2025-12-17 14:29:22.120,-0.27,0.2,9.05,-0.01,-0.08,0.13
2025-12-17 14:29:22.143,-0.26,0.21,9.09,-0.01,-0.08,0.13
2025-12-17 14:29:22.166,-0.31,0.19,9.0,-0.01,-0.08,0.13
2025-12-17 14:29:22.189,-0.31,0.21,9.07,-0.01,-0.08,0.13
2025-12-17 14:29:22.212,-0.17,0.16,9.06,-0.01,-0.08,0.13
2025-12-17 14:29:22.235,-0.19,0.15,9.01,-0.01,-0.08,0.13
2025-12-17 14:29:22.258,-0.22,0.14,9.02,-0.01,-0.08,0.13
2025-12-17 14:29:22.281,-0.23,0.21,9.05,-0.01,-0.08,0.12
2025-12-17 14:29:22.304,-0.21,0.22,8.96,-0.01,-0.08,0.12
2025-12-17 14:29:22.327,-0.21,0.17,9.01,-0.01,-0.08,0.13
2025-12-17 14:29:22.350,-0.19,0.15,9.05,-0.01,-0.09,0.13
2025-12-17 14:29:22.373,-0.2,0.19,9.05,-0.01,-0.08,0.13
2025-12-17 14:29:22.396,-0.2,0.23,9.0,-0.01,-0.08,0.13
2025-12-17 14:29:22.419,-0.21,0.18,9.03,-0.01,-0.08,0.13
2025-12-17 14:29:22.442,-0.29,0.2,9.03,-0.01,-0.08,0.13
2025-12-17 14:29:22.465,-0.32,0.21,9.01,-0.01,-0.08,0.13
2025-12-17 14:29:22.488,-0.3,0.17,9.04,-0.01,-0.08,0.13
2025-12-17 14:29:22.511,-0.2,0.17,9.12,-0.01,-0.08,0.13
2025-12-17 14:29:22.534,-0.17,0.18,9.04,-0.01,-0.08,0.13
2025-12-17 14:29:22.557,-0.22,0.17,9.04,-0.01,-0.08,0.13
2025-12-17 14:29:22.580,-0.17,0.16,9.0,-0.01,-0.08,0.12
2025-12-17 14:29:22.603,-0.22,0.19,9.06,-0.01,-0.08,0.13
2025-12-17 14:29:22.626,-0.23,0.16,9.0,-0.01,-0.08,0.13
2025-12-17 14:29:22.649,-0.21,0.21,9.03,-0.01,-0.08,0.13
2025-12-17 14:29:22.672,-0.26,0.16,9.03,-0.01,-0.08,0.12
2025-12-17 14:29:22.695,-0.23,0.16,9.05,-0.01,-0.08,0.13
2025-12-17 14:29:22.718,-0.23,0.16,9.02,-0.01,-0.08,0.13
2025-12-17 14:29:22.741,-0.29,0.16,9.0,-0.01,-0.08,0.13
2025-12-17 14:29:22.765,-0.19,0.18,9.03,-0.01,-0.08,0.13
2025-12-17 14:29:22.787,-0.22,0.16,8.96,-0.01,-0.08,0.13
2025-12-17 14:29:22.810,-0.19,0.15,9.05,-0.01,-0.08,0.13
2025-12-17 14:29:22.833,-0.19,0.14,9.14,-0.0,-0.08,0.13
2025-12-17 14:29:22.856,-0.22,0.21,9.01,-0.01,-0.08,0.12
2025-12-17 14:29:22.879,-0.2,0.15,9.02,-0.01,-0.08,0.13
2025-12-17 14:29:22.902,-0.21,0.13,9.02,-0.01,-0.08,0.12
2025-12-17 14:29:22.925,-0.18,0.19,9.06,-0.01,-0.08,0.12
2025-12-17 14:29:22.948,-0.17,0.14,9.02,-0.01,-0.08,0.13
2025-12-17 14:29:22.971,-0.16,0.18,9.1,-0.01,-0.08,0.12
2025-12-17 14:29:22.994,-0.2,0.12,9.09,-0.01,-0.08,0.13
2025-12-17 14:29:23.017,-0.24,0.2,9.03,-0.01,-0.08,0.12
2025-12-17 14:29:23.040,-0.33,0.2,9.08,-0.01,-0.08,0.13
2025-12-17 14:29:23.063,-0.27,0.16,8.97,-0.01,-0.08,0.12
2025-12-17 14:29:23.086,-0.24,0.19,9.07,-0.01,-0.08,0.12
2025-12-17 14:29:23.108,-0.3,0.16,9.05,-0.01,-0.08,0.13
2025-12-17 14:29:23.132,-0.29,0.14,9.04,-0.0,-0.08,0.13
2025-12-17 14:29:23.155,-0.27,0.17,9.02,-0.0,-0.08,0.13
2025-12-17 14:29:23.178,-0.18,0.18,9.04,-0.0,-0.08,0.13
2025-12-17 14:29:23.201,-0.2,0.18,9.06,-0.01,-0.08,0.13
2025-12-17 14:29:23.224,-0.22,0.27,8.98,-0.01,-0.08,0.13
2025-12-17 14:29:23.247,-0.16,0.23,9.01,-0.01,-0.08,0.13
2025-12-17 14:29:23.270,-0.12,0.22,9.05,-0.01,-0.08,0.13
2025-12-17 14:29:23.293,-0.11,0.17,9.0,-0.01,-0.08,0.12
2025-12-17 14:29:23.315,-0.11,0.14,9.08,-0.01,-0.08,0.13
2025-12-17 14:29:23.339,-0.2,0.19,8.99,-0.01,-0.08,0.13
2025-12-17 14:29:23.362,-0.25,0.16,9.12,-0.01,-0.08,0.13
2025-12-17 14:29:23.384,-0.24,0.2,8.98,-0.01,-0.08,0.12
2025-12-17 14:29:23.408,-0.26,0.24,9.09,-0.01,-0.08,0.13
2025-12-17 14:29:23.431,-0.36,0.15,9.06,-0.01,-0.08,0.13
2025-12-17 14:29:23.454,-0.33,0.12,8.99,-0.0,-0.08,0.13
2025-12-17 14:29:23.477,-0.29,0.22,9.01,-0.01,-0.08,0.12
2025-12-17 14:29:23.500,-0.24,0.26,9.0,-0.01,-0.08,0.13
2025-12-17 14:29:23.523,-0.16,0.17,9.07,-0.01,-0.08,0.13
2025-12-17 14:29:23.546,-0.12,0.22,8.95,-0.01,-0.08,0.13
2025-12-17 14:29:23.569,-0.17,0.14,9.11,-0.01,-0.08,0.13
2025-12-17 14:29:23.592,-0.15,0.07,9.02,-0.01,-0.08,0.12
2025-12-17 14:29:23.615,-0.14,0.19,9.06,-0.01,-0.08,0.13
2025-12-17 14:29:23.638,-0.2,0.23,9.07,-0.01,-0.08,0.13
2025-12-17 14:29:23.662,-0.19,0.16,9.01,-0.01,-0.08,0.13
2025-12-17 14:29:23.684,-0.27,0.17,8.99,-0.01,-0.08,0.12
2025-12-17 14:29:23.707,-0.29,0.24,9.13,-0.01,-0.08,0.13
2025-12-17 14:29:23.730,-0.23,0.07,8.98,-0.0,-0.07,0.13
2025-12-17 14:29:23.754,-0.34,0.2,9.07,-0.01,-0.08,0.13
2025-12-17 14:29:23.776,-0.31,0.22,8.99,-0.01,-0.08,0.13
2025-12-17 14:29:23.800,-0.28,0.26,8.99,-0.01,-0.08,0.13
2025-12-17 14:29:23.822,-0.25,0.2,8.97,-0.01,-0.08,0.13
2025-12-17 14:29:23.845,-0.22,0.22,9.05,-0.01,-0.08,0.13
2025-12-17 14:29:23.868,-0.26,0.11,9.03,-0.01,-0.08,0.13
2025-12-17 14:29:23.891,-0.09,0.1,9.12,-0.01,-0.08,0.13
2025-12-17 14:29:23.914,-0.18,0.18,9.05,-0.01,-0.08,0.13
2025-12-17 14:29:23.937,-0.14,0.22,9.02,-0.01,-0.08,0.13
2025-12-17 14:29:23.960,-0.16,0.16,9.03,-0.01,-0.08,0.13
2025-12-17 14:29:23.983,-0.22,0.18,9.06,-0.01,-0.08,0.13
2025-12-17 14:29:24.006,-0.2,0.14,9.12,-0.0,-0.08,0.13
2025-12-17 14:29:24.029,-0.23,0.18,8.99,-0.01,-0.08,0.13
2025-12-17 14:29:24.052,-0.35,0.26,9.04,-0.01,-0.08,0.13
2025-12-17 14:29:24.075,-0.29,0.23,9.05,-0.0,-0.08,0.13
2025-12-17 14:29:24.098,-0.28,0.15,9.01,-0.01,-0.08,0.13
2025-12-17 14:29:24.121,-0.25,0.2,8.98,-0.01,-0.08,0.13
2025-12-17 14:29:24.144,-0.24,0.2,9.08,-0.01,-0.08,0.12
2025-12-17 14:29:24.167,-0.16,0.13,9.19,-0.01,-0.08,0.13
2025-12-17 14:29:24.190,-0.17,0.17,9.04,-0.0,-0.08,0.13
2025-12-17 14:29:24.213,-0.13,0.16,9.12,-0.0,-0.08,0.13
2025-12-17 14:29:24.236,-0.11,0.08,9.03,-0.0,-0.08,0.12
2025-12-17 14:29:24.259,-0.19,0.19,9.05,-0.0,-0.08,0.12
2025-12-17 14:29:24.282,-0.18,0.2,8.96,-0.01,-0.08,0.13
2025-12-17 14:29:24.305,-0.24,0.16,8.94,-0.01,-0.08,0.12
2025-12-17 14:29:24.328,-0.19,0.21,9.06,-0.01,-0.08,0.13
2025-12-17 14:29:24.351,-0.22,0.19,9.07,-0.01,-0.08,0.13
2025-12-17 14:29:24.374,-0.23,0.23,9.01,-0.01,-0.08,0.13
2025-12-17 14:29:24.397,-0.24,0.19,9.04,-0.01,-0.08,0.12
2025-12-17 14:29:24.420,-0.32,0.19,9.02,-0.01,-0.08,0.13
2025-12-17 14:29:24.444,-0.31,0.13,9.06,-0.01,-0.08,0.13
2025-12-17 14:29:24.466,-0.31,0.23,9.04,-0.01,-0.08,0.13
2025-12-17 14:29:24.490,-0.22,0.12,8.98,-0.01,-0.08,0.13
2025-12-17 14:29:24.512,-0.29,0.15,9.07,-0.0,-0.08,0.13
2025-12-17 14:29:24.535,-0.25,0.16,8.96,-0.01,-0.08,0.13
2025-12-17 14:29:24.559,-0.22,0.17,9.0,-0.0,-0.08,0.13
2025-12-17 14:29:24.581,-0.18,0.18,8.94,-0.01,-0.08,0.13
2025-12-17 14:29:24.604,-0.16,0.3,8.97,-0.01,-0.08,0.13
2025-12-17 14:29:24.627,-0.2,0.23,9.09,-0.01,-0.08,0.13
2025-12-17 14:29:24.650,-0.17,0.15,9.08,-0.01,-0.08,0.13
2025-12-17 14:29:24.673,-0.11,0.17,9.05,-0.01,-0.09,0.12
2025-12-17 14:29:24.696,-0.22,0.21,9.02,-0.01,-0.08,0.13
2025-12-17 14:29:24.719,-0.27,0.16,9.02,-0.01,-0.08,0.13
2025-12-17 14:29:24.742,-0.23,0.18,9.01,-0.01,-0.08,0.13
2025-12-17 14:29:24.765,-0.22,0.07,9.13,-0.01,-0.08,0.13
2025-12-17 14:29:24.788,-0.23,0.14,9.01,-0.0,-0.08,0.13
2025-12-17 14:29:24.811,-0.28,0.17,9.11,-0.0,-0.08,0.13
2025-12-17 14:29:24.834,-0.27,0.16,9.08,-0.0,-0.08,0.13
2025-12-17 14:29:24.857,-0.24,0.2,9.06,-0.0,-0.08,0.13
2025-12-17 14:29:24.880,-0.23,0.19,9.05,-0.01,-0.08,0.13
2025-12-17 14:29:24.904,-0.24,0.22,8.89,-0.01,-0.08,0.13
2025-12-17 14:29:24.926,-0.25,0.25,9.11,-0.01,-0.08,0.13
2025-12-17 14:29:24.949,-0.16,0.15,9.07,-0.01,-0.08,0.13
2025-12-17 14:29:24.972,-0.11,0.21,9.11,-0.01,-0.09,0.12
2025-12-17 14:29:24.995,-0.18,0.2,8.98,-0.01,-0.08,0.13
2025-12-17 14:29:25.018,-0.18,0.11,9.11,-0.01,-0.08,0.13
2025-12-17 14:29:25.041,-0.22,0.08,9.07,-0.01,-0.08,0.12
2025-12-17 14:29:25.064,-0.21,0.2,9.0,-0.01,-0.08,0.13
2025-12-17 14:29:25.087,-0.21,0.13,8.98,-0.0,-0.08,0.13
2025-12-17 14:29:25.110,-0.35,0.18,9.01,-0.01,-0.08,0.13
2025-12-17 14:29:25.133,-0.3,0.29,9.07,-0.01,-0.08,0.12
2025-12-17 14:29:25.156,-0.25,0.14,9.05,-0.01,-0.08,0.13
2025-12-17 14:29:25.179,-0.26,0.21,9.04,-0.01,-0.08,0.13
2025-12-17 14:29:25.202,-0.21,0.23,9.03,-0.01,-0.08,0.13
2025-12-17 14:29:25.225,-0.25,0.27,9.0,-0.01,-0.08,0.12
2025-12-17 14:29:25.248,-0.17,0.2,9.05,-0.01,-0.08,0.12
2025-12-17 14:29:25.271,-0.19,0.13,8.97,-0.01,-0.08,0.13
2025-12-17 14:29:25.294,-0.17,0.18,9.11,-0.01,-0.08,0.12
2025-12-17 14:29:25.317,-0.11,0.17,9.01,-0.01,-0.08,0.13
2025-12-17 14:29:25.340,-0.11,0.15,9.03,-0.01,-0.08,0.13
2025-12-17 14:29:25.363,-0.23,0.2,9.05,-0.01,-0.08,0.13
2025-12-17 14:29:25.386,-0.2,0.12,8.97,-0.0,-0.08,0.13
2025-12-17 14:29:25.410,-0.2,0.12,9.08,-0.0,-0.08,0.13
2025-12-17 14:29:25.433,-0.3,0.19,9.02,-0.0,-0.08,0.13
2025-12-17 14:29:25.455,-0.33,0.27,8.93,-0.01,-0.08,0.13
2025-12-17 14:29:25.478,-0.31,0.19,8.98,-0.01,-0.08,0.13
2025-12-17 14:29:25.502,-0.21,0.21,9.09,-0.01,-0.08,0.13
2025-12-17 14:29:25.524,-0.23,0.12,9.01,-0.01,-0.08,0.13
2025-12-17 14:29:25.547,-0.19,0.1,9.03,-0.01,-0.08,0.12
2025-12-17 14:29:25.570,-0.23,0.25,9.0,-0.01,-0.08,0.13
2025-12-17 14:29:25.593,-0.2,0.1,9.06,-0.01,-0.08,0.13
2025-12-17 14:29:25.616,-0.2,0.21,9.14,-0.01,-0.08,0.12
2025-12-17 14:29:25.639,-0.25,0.28,9.16,-0.01,-0.08,0.12
2025-12-17 14:29:25.662,-0.16,0.16,9.11,-0.01,-0.08,0.13
2025-12-17 14:29:25.685,-0.17,0.18,8.99,-0.0,-0.08,0.13
2025-12-17 14:29:25.708,-0.21,0.22,9.04,-0.0,-0.08,0.12
2025-12-17 14:29:25.731,-0.25,0.23,8.99,-0.01,-0.08,0.12
2025-12-17 14:29:25.754,-0.27,0.28,9.0,-0.01,-0.08,0.13
2025-12-17 14:29:25.777,-0.3,0.18,9.02,-0.01,-0.08,0.13
2025-12-17 14:29:25.800,-0.3,0.17,9.05,-0.01,-0.08,0.13
2025-12-17 14:29:25.823,-0.23,0.22,9.03,-0.01,-0.08,0.13
2025-12-17 14:29:25.846,-0.21,0.11,9.06,-0.01,-0.08,0.13
2025-12-17 14:29:25.870,-0.21,0.16,9.07,-0.01,-0.08,0.12
2025-12-17 14:29:25.893,-0.25,0.23,8.98,-0.01,-0.08,0.13
2025-12-17 14:29:25.915,-0.16,0.16,9.1,-0.0,-0.08,0.13
2025-12-17 14:29:25.938,-0.18,0.1,9.05,-0.01,-0.08,0.13
2025-12-17 14:29:25.961,-0.17,0.14,9.1,-0.0,-0.08,0.13
2025-12-17 14:29:25.984,-0.2,0.17,9.02,-0.0,-0.08,0.13
2025-12-17 14:29:26.008,-0.22,0.21,9.04,-0.0,-0.08,0.12
2025-12-17 14:29:26.030,-0.17,0.22,8.96,-0.01,-0.08,0.13
2025-12-17 14:29:26.053,-0.24,0.35,9.05,-0.01,-0.08,0.13
2025-12-17 14:29:26.077,-0.34,0.23,8.91,-0.01,-0.09,0.13
2025-12-17 14:29:26.099,-0.2,0.17,9.06,-0.02,-0.08,0.13
2025-12-17 14:29:26.122,-0.16,0.16,9.06,-0.01,-0.08,0.12
2025-12-17 14:29:26.146,-0.25,0.18,9.12,-0.01,-0.08,0.13
2025-12-17 14:29:26.168,-0.2,0.13,9.02,-0.01,-0.08,0.13
2025-12-17 14:29:26.192,-0.16,0.19,9.09,-0.01,-0.08,0.13
2025-12-17 14:29:26.215,-0.24,0.17,9.08,-0.01,-0.08,0.12
2025-12-17 14:29:26.237,-0.25,0.14,9.04,-0.01,-0.08,0.13
